sequence_id,subject_id,person_code,emotion_code,emotion,frame_count,start_frame,end_frame,sequence_folder
01_AN_mr,1,mr,AN,Anger,20,1,20,C:\Users\kundu\OneDrive\Desktop\KMU-FED-2\data\frames\01_AN_mr
01_DI_mr,1,mr,DI,Disgust,20,1,20,C:\Users\kundu\OneDrive\Desktop\KMU-FED-2\data\frames\01_DI_mr
01_FE_mr,1,mr,FE,Fear,20,1,20,C:\Users\kundu\OneDrive\Desktop\KMU-FED-2\data\frames\01_FE_mr
01_HA_mr,1,mr,HA,Happiness,20,1,20,C:\Users\kundu\OneDrive\Desktop\KMU-FED-2\data\frames\01_HA_mr
01_SA_mr,1,mr,SA,Sadness,20,1,20,C:\Users\kundu\OneDrive\Desktop\KMU-FED-2\data\frames\01_SA_mr
01_SU_mr,1,mr,SU,Surprise,20,1,20,C:\Users\kundu\OneDrive\Desktop\KMU-FED-2\data\frames\01_SU_mr
02_AN_s01,2,s01,AN,Anger,10,21,30,C:\Users\kundu\OneDrive\Desktop\KMU-FED-2\data\frames\02_AN_s01
02_FE_s01,2,s01,FE,Fear,20,21,40,C:\Users\kundu\OneDrive\Desktop\KMU-FED-2\data\frames\02_FE_s01
02_HA_s01,2,s01,HA,Happiness,10,21,30,C:\Users\kundu\OneDrive\Desktop\KMU-FED-2\data\frames\02_HA_s01
02_SU_s01,2,s01,SU,Surprise,20,21,40,C:\Users\kundu\OneDrive\Desktop\KMU-FED-2\data\frames\02_SU_s01
03_AN_s02,3,s02,AN,Anger,10,31,40,C:\Users\kundu\OneDrive\Desktop\KMU-FED-2\data\frames\03_AN_s02
03_FE_s02,3,s02,FE,Fear,20,41,60,C:\Users\kundu\OneDrive\Desktop\KMU-FED-2\data\frames\03_FE_s02
03_HA_s02,3,s02,HA,Happiness,20,31,50,C:\Users\kundu\OneDrive\Desktop\KMU-FED-2\data\frames\03_HA_s02
03_SA_s02,3,s02,SA,Sadness,20,21,40,C:\Users\kundu\OneDrive\Desktop\KMU-FED-2\data\frames\03_SA_s02
03_SU_s02,3,s02,SU,Surprise,20,41,60,C:\Users\kundu\OneDrive\Desktop\KMU-FED-2\data\frames\03_SU_s02
04_FE_s03,4,s03,FE,Fear,20,61,80,C:\Users\kundu\OneDrive\Desktop\KMU-FED-2\data\frames\04_FE_s03
04_HA_s03,4,s03,HA,Happiness,20,51,70,C:\Users\kundu\OneDrive\Desktop\KMU-FED-2\data\frames\04_HA_s03
04_SA_s03,4,s03,SA,Sadness,10,41,50,C:\Users\kundu\OneDrive\Desktop\KMU-FED-2\data\frames\04_SA_s03
04_SU_s03,4,s03,SU,Surprise,10,61,70,C:\Users\kundu\OneDrive\Desktop\KMU-FED-2\data\frames\04_SU_s03
05_AN_uj,5,uj,AN,Anger,20,41,60,C:\Users\kundu\OneDrive\Desktop\KMU-FED-2\data\frames\05_AN_uj
05_DI_uj,5,uj,DI,Disgust,20,31,50,C:\Users\kundu\OneDrive\Desktop\KMU-FED-2\data\frames\05_DI_uj
05_FE_uj,5,uj,FE,Fear,20,81,100,C:\Users\kundu\OneDrive\Desktop\KMU-FED-2\data\frames\05_FE_uj
05_HA_uj,5,uj,HA,Happiness,20,71,90,C:\Users\kundu\OneDrive\Desktop\KMU-FED-2\data\frames\05_HA_uj
05_SA_uj,5,uj,SA,Sadness,20,51,70,C:\Users\kundu\OneDrive\Desktop\KMU-FED-2\data\frames\05_SA_uj
05_SU_uj,5,uj,SU,Surprise,20,61,80,C:\Users\kundu\OneDrive\Desktop\KMU-FED-2\data\frames\05_SU_uj
06_AN_dy,6,dy,AN,Anger,20,61,80,C:\Users\kundu\OneDrive\Desktop\KMU-FED-2\data\frames\06_AN_dy
06_DI_dy,6,dy,DI,Disgust,20,51,70,C:\Users\kundu\OneDrive\Desktop\KMU-FED-2\data\frames\06_DI_dy
06_FE_dy,6,dy,FE,Fear,20,101,120,C:\Users\kundu\OneDrive\Desktop\KMU-FED-2\data\frames\06_FE_dy
06_HA_dy,6,dy,HA,Happiness,20,91,110,C:\Users\kundu\OneDrive\Desktop\KMU-FED-2\data\frames\06_HA_dy
06_SA_dy,6,dy,SA,Sadness,20,71,90,C:\Users\kundu\OneDrive\Desktop\KMU-FED-2\data\frames\06_SA_dy
06_SU_dy,6,dy,SU,Surprise,20,81,100,C:\Users\kundu\OneDrive\Desktop\KMU-FED-2\data\frames\06_SU_dy
07_AN_sw,7,sw,AN,Anger,20,81,100,C:\Users\kundu\OneDrive\Desktop\KMU-FED-2\data\frames\07_AN_sw
07_FE_sw,7,sw,FE,Fear,20,121,140,C:\Users\kundu\OneDrive\Desktop\KMU-FED-2\data\frames\07_FE_sw
07_HA_sw,7,sw,HA,Happiness,20,111,130,C:\Users\kundu\OneDrive\Desktop\KMU-FED-2\data\frames\07_HA_sw
07_SA_sw,7,sw,SA,Sadness,20,71,90,C:\Users\kundu\OneDrive\Desktop\KMU-FED-2\data\frames\07_SA_sw
07_SU_sw,7,sw,SU,Surprise,20,81,100,C:\Users\kundu\OneDrive\Desktop\KMU-FED-2\data\frames\07_SU_sw
08_AN_nh,8,nh,AN,Anger,20,101,120,C:\Users\kundu\OneDrive\Desktop\KMU-FED-2\data\frames\08_AN_nh
08_DI_nh,8,nh,DI,Disgust,20,71,90,C:\Users\kundu\OneDrive\Desktop\KMU-FED-2\data\frames\08_DI_nh
08_FE_nh,8,nh,FE,Fear,10,141,150,C:\Users\kundu\OneDrive\Desktop\KMU-FED-2\data\frames\08_FE_nh
08_HA_nh,8,nh,HA,Happiness,20,131,150,C:\Users\kundu\OneDrive\Desktop\KMU-FED-2\data\frames\08_HA_nh
08_SA_nh,8,nh,SA,Sadness,20,91,110,C:\Users\kundu\OneDrive\Desktop\KMU-FED-2\data\frames\08_SA_nh
08_SU_nh,8,nh,SU,Surprise,20,81,100,C:\Users\kundu\OneDrive\Desktop\KMU-FED-2\data\frames\08_SU_nh
09_AN_sj,9,sj,AN,Anger,20,121,140,C:\Users\kundu\OneDrive\Desktop\KMU-FED-2\data\frames\09_AN_sj
09_FE_sj,9,sj,FE,Fear,10,151,160,C:\Users\kundu\OneDrive\Desktop\KMU-FED-2\data\frames\09_FE_sj
09_HA_sj,9,sj,HA,Happiness,20,151,170,C:\Users\kundu\OneDrive\Desktop\KMU-FED-2\data\frames\09_HA_sj
09_SA_sj,9,sj,SA,Sadness,10,110,119,C:\Users\kundu\OneDrive\Desktop\KMU-FED-2\data\frames\09_SA_sj
09_SU_sj,9,sj,SU,Surprise,10,101,110,C:\Users\kundu\OneDrive\Desktop\KMU-FED-2\data\frames\09_SU_sj
10_AN_ko,10,ko,AN,Anger,10,141,150,C:\Users\kundu\OneDrive\Desktop\KMU-FED-2\data\frames\10_AN_ko
10_DI_ko,10,ko,DI,Disgust,10,91,100,C:\Users\kundu\OneDrive\Desktop\KMU-FED-2\data\frames\10_DI_ko
10_FE_ko,10,ko,FE,Fear,20,161,180,C:\Users\kundu\OneDrive\Desktop\KMU-FED-2\data\frames\10_FE_ko
10_HA_ko,10,ko,HA,Happiness,20,171,190,C:\Users\kundu\OneDrive\Desktop\KMU-FED-2\data\frames\10_HA_ko
10_SU_ko,10,ko,SU,Surprise,20,111,130,C:\Users\kundu\OneDrive\Desktop\KMU-FED-2\data\frames\10_SU_ko
11_AN_ej,11,ej,AN,Anger,20,151,170,C:\Users\kundu\OneDrive\Desktop\KMU-FED-2\data\frames\11_AN_ej
11_DI_ej,11,ej,DI,Disgust,20,101,120,C:\Users\kundu\OneDrive\Desktop\KMU-FED-2\data\frames\11_DI_ej
11_FE_ej,11,ej,FE,Fear,20,181,200,C:\Users\kundu\OneDrive\Desktop\KMU-FED-2\data\frames\11_FE_ej
11_SA_ej,11,ej,SA,Sadness,20,131,150,C:\Users\kundu\OneDrive\Desktop\KMU-FED-2\data\frames\11_SA_ej
11_SU_ej,11,ej,SU,Surprise,20,131,150,C:\Users\kundu\OneDrive\Desktop\KMU-FED-2\data\frames\11_SU_ej
12_AN_gu,12,gu,AN,Anger,20,171,190,C:\Users\kundu\OneDrive\Desktop\KMU-FED-2\data\frames\12_AN_gu
12_DI_gu,12,gu,DI,Disgust,10,121,130,C:\Users\kundu\OneDrive\Desktop\KMU-FED-2\data\frames\12_DI_gu
12_HA_gu,12,gu,HA,Happiness,20,171,190,C:\Users\kundu\OneDrive\Desktop\KMU-FED-2\data\frames\12_HA_gu
12_SA_gu,12,gu,SA,Sadness,20,151,170,C:\Users\kundu\OneDrive\Desktop\KMU-FED-2\data\frames\12_SA_gu
