,precision,recall,f1-score,support
Surprise,0.6612021857923497,0.7355623100303952,0.6964028776978417,329.0
Fear,0.7741935483870968,0.32432432432432434,0.45714285714285713,74.0
Disgust,0.3684210526315789,0.175,0.23728813559322035,160.0
Happiness,0.8627280625543006,0.8379746835443038,0.8501712328767124,1185.0
Sadness,0.6146435452793835,0.6673640167364017,0.6399197592778335,478.0
Anger,0.5480225988700564,0.5987654320987654,0.5722713864306784,162.0
Neutral,0.6243315508021391,0.6867647058823529,0.65406162464986,680.0
accuracy,0.7073011734028684,0.7073011734028684,0.7073011734028684,0.7073011734028684
macro avg,0.6362203634738435,0.5751079246595062,0.5867511248098577,3068.0
weighted avg,0.7050947504759374,0.7073011734028684,0.7013414749489765,3068.0
