stage,epoch,train_loss,train_acc,val_loss,val_acc,lr,is_best,final_test_acc,final_test_loss
Stage_A,1,0.9277,73.09,1.1089,60.51,0.001,True,57.05128205128205,1.3651885038767106
Stage_A,2,0.2975,95.9,1.0021,57.32,0.001,True,57.05128205128205,1.3651885038767106
Stage_A,3,0.1349,98.36,1.0261,62.42,0.001,False,57.05128205128205,1.3651885038767106
Stage_A,4,0.0703,99.86,0.9968,63.06,0.001,True,57.05128205128205,1.3651885038767106
Stage_A,5,0.0543,99.45,0.8859,66.24,0.001,True,57.05128205128205,1.3651885038767106
Stage_A,6,0.0341,99.73,0.9411,66.88,0.001,False,57.05128205128205,1.3651885038767106
Stage_A,7,0.0236,100.0,0.8816,66.24,0.001,True,57.05128205128205,1.3651885038767106
Stage_A,8,0.0178,100.0,0.9905,67.52,0.001,False,57.05128205128205,1.3651885038767106
Stage_A,9,0.0156,100.0,0.9311,67.52,0.001,False,57.05128205128205,1.3651885038767106
Stage_A,10,0.0108,100.0,0.991,66.24,0.001,False,57.05128205128205,1.3651885038767106
Stage_A,11,0.0103,100.0,0.9809,65.61,0.0005,False,57.05128205128205,1.3651885038767106
Stage_A,12,0.008,100.0,1.0182,64.97,0.0005,False,57.05128205128205,1.3651885038767106
Stage_A,13,0.0076,100.0,0.9684,66.88,0.0005,False,57.05128205128205,1.3651885038767106
Stage_A,14,0.0068,100.0,0.9725,65.61,0.0005,False,57.05128205128205,1.3651885038767106
Stage_A,15,0.0071,100.0,0.8758,68.79,0.0005,True,57.05128205128205,1.3651885038767106
Stage_A,16,0.0055,100.0,0.9579,65.61,0.0005,False,57.05128205128205,1.3651885038767106
Stage_A,17,0.0061,100.0,0.9984,65.61,0.0005,False,57.05128205128205,1.3651885038767106
Stage_A,18,0.0047,100.0,0.98,66.24,0.0005,False,57.05128205128205,1.3651885038767106
Stage_A,19,0.0052,100.0,0.9518,67.52,0.00025,False,57.05128205128205,1.3651885038767106
Stage_A,20,0.0041,100.0,0.9945,65.61,0.00025,False,57.05128205128205,1.3651885038767106
