filename,image_path,reason
02_AN_s01_022.jpg,C:\Users\kundu\OneDrive\Desktop\KMU-FED-2\data\frames\02_AN_s01\02_AN_s01_022.jpg,No face detected (conf < 0.80)
02_AN_s01_029.jpg,C:\Users\kundu\OneDrive\Desktop\KMU-FED-2\data\frames\02_AN_s01\02_AN_s01_029.jpg,No face detected (conf < 0.80)
02_AN_s01_030.jpg,C:\Users\kundu\OneDrive\Desktop\KMU-FED-2\data\frames\02_AN_s01\02_AN_s01_030.jpg,No face detected (conf < 0.80)
04_FE_s03_061.jpg,C:\Users\kundu\OneDrive\Desktop\KMU-FED-2\data\frames\04_FE_s03\04_FE_s03_061.jpg,No face detected (conf < 0.80)
04_FE_s03_062.jpg,C:\Users\kundu\OneDrive\Desktop\KMU-FED-2\data\frames\04_FE_s03\04_FE_s03_062.jpg,No face detected (conf < 0.80)
04_FE_s03_063.jpg,C:\Users\kundu\OneDrive\Desktop\KMU-FED-2\data\frames\04_FE_s03\04_FE_s03_063.jpg,No face detected (conf < 0.80)
04_FE_s03_064.jpg,C:\Users\kundu\OneDrive\Desktop\KMU-FED-2\data\frames\04_FE_s03\04_FE_s03_064.jpg,No face detected (conf < 0.80)
04_FE_s03_065.jpg,C:\Users\kundu\OneDrive\Desktop\KMU-FED-2\data\frames\04_FE_s03\04_FE_s03_065.jpg,No face detected (conf < 0.80)
04_FE_s03_066.jpg,C:\Users\kundu\OneDrive\Desktop\KMU-FED-2\data\frames\04_FE_s03\04_FE_s03_066.jpg,No face detected (conf < 0.80)
04_FE_s03_070.jpg,C:\Users\kundu\OneDrive\Desktop\KMU-FED-2\data\frames\04_FE_s03\04_FE_s03_070.jpg,No face detected (conf < 0.80)
04_SA_s03_041.jpg,C:\Users\kundu\OneDrive\Desktop\KMU-FED-2\data\frames\04_SA_s03\04_SA_s03_041.jpg,No face detected (conf < 0.80)
04_SA_s03_042.jpg,C:\Users\kundu\OneDrive\Desktop\KMU-FED-2\data\frames\04_SA_s03\04_SA_s03_042.jpg,No face detected (conf < 0.80)
04_SA_s03_043.jpg,C:\Users\kundu\OneDrive\Desktop\KMU-FED-2\data\frames\04_SA_s03\04_SA_s03_043.jpg,No face detected (conf < 0.80)
04_SA_s03_047.jpg,C:\Users\kundu\OneDrive\Desktop\KMU-FED-2\data\frames\04_SA_s03\04_SA_s03_047.jpg,No face detected (conf < 0.80)
04_SA_s03_048.jpg,C:\Users\kundu\OneDrive\Desktop\KMU-FED-2\data\frames\04_SA_s03\04_SA_s03_048.jpg,No face detected (conf < 0.80)
04_SA_s03_049.jpg,C:\Users\kundu\OneDrive\Desktop\KMU-FED-2\data\frames\04_SA_s03\04_SA_s03_049.jpg,No face detected (conf < 0.80)
05_DI_uj_041.jpg,C:\Users\kundu\OneDrive\Desktop\KMU-FED-2\data\frames\05_DI_uj\05_DI_uj_041.jpg,No face detected (conf < 0.80)
05_DI_uj_042.jpg,C:\Users\kundu\OneDrive\Desktop\KMU-FED-2\data\frames\05_DI_uj\05_DI_uj_042.jpg,No face detected (conf < 0.80)
05_DI_uj_043.jpg,C:\Users\kundu\OneDrive\Desktop\KMU-FED-2\data\frames\05_DI_uj\05_DI_uj_043.jpg,No face detected (conf < 0.80)
05_DI_uj_044.jpg,C:\Users\kundu\OneDrive\Desktop\KMU-FED-2\data\frames\05_DI_uj\05_DI_uj_044.jpg,No face detected (conf < 0.80)
05_DI_uj_045.jpg,C:\Users\kundu\OneDrive\Desktop\KMU-FED-2\data\frames\05_DI_uj\05_DI_uj_045.jpg,No face detected (conf < 0.80)
05_DI_uj_046.jpg,C:\Users\kundu\OneDrive\Desktop\KMU-FED-2\data\frames\05_DI_uj\05_DI_uj_046.jpg,No face detected (conf < 0.80)
05_DI_uj_047.jpg,C:\Users\kundu\OneDrive\Desktop\KMU-FED-2\data\frames\05_DI_uj\05_DI_uj_047.jpg,No face detected (conf < 0.80)
05_DI_uj_048.jpg,C:\Users\kundu\OneDrive\Desktop\KMU-FED-2\data\frames\05_DI_uj\05_DI_uj_048.jpg,No face detected (conf < 0.80)
05_DI_uj_049.jpg,C:\Users\kundu\OneDrive\Desktop\KMU-FED-2\data\frames\05_DI_uj\05_DI_uj_049.jpg,No face detected (conf < 0.80)
05_DI_uj_050.jpg,C:\Users\kundu\OneDrive\Desktop\KMU-FED-2\data\frames\05_DI_uj\05_DI_uj_050.jpg,No face detected (conf < 0.80)
05_HA_uj_081.jpg,C:\Users\kundu\OneDrive\Desktop\KMU-FED-2\data\frames\05_HA_uj\05_HA_uj_081.jpg,No face detected (conf < 0.80)
05_HA_uj_082.jpg,C:\Users\kundu\OneDrive\Desktop\KMU-FED-2\data\frames\05_HA_uj\05_HA_uj_082.jpg,No face detected (conf < 0.80)
05_HA_uj_083.jpg,C:\Users\kundu\OneDrive\Desktop\KMU-FED-2\data\frames\05_HA_uj\05_HA_uj_083.jpg,No face detected (conf < 0.80)
05_HA_uj_084.jpg,C:\Users\kundu\OneDrive\Desktop\KMU-FED-2\data\frames\05_HA_uj\05_HA_uj_084.jpg,No face detected (conf < 0.80)
05_HA_uj_085.jpg,C:\Users\kundu\OneDrive\Desktop\KMU-FED-2\data\frames\05_HA_uj\05_HA_uj_085.jpg,No face detected (conf < 0.80)
05_HA_uj_086.jpg,C:\Users\kundu\OneDrive\Desktop\KMU-FED-2\data\frames\05_HA_uj\05_HA_uj_086.jpg,No face detected (conf < 0.80)
05_HA_uj_088.jpg,C:\Users\kundu\OneDrive\Desktop\KMU-FED-2\data\frames\05_HA_uj\05_HA_uj_088.jpg,No face detected (conf < 0.80)
05_HA_uj_089.jpg,C:\Users\kundu\OneDrive\Desktop\KMU-FED-2\data\frames\05_HA_uj\05_HA_uj_089.jpg,No face detected (conf < 0.80)
05_SU_uj_071.jpg,C:\Users\kundu\OneDrive\Desktop\KMU-FED-2\data\frames\05_SU_uj\05_SU_uj_071.jpg,No face detected (conf < 0.80)
05_SU_uj_072.jpg,C:\Users\kundu\OneDrive\Desktop\KMU-FED-2\data\frames\05_SU_uj\05_SU_uj_072.jpg,No face detected (conf < 0.80)
05_SU_uj_073.jpg,C:\Users\kundu\OneDrive\Desktop\KMU-FED-2\data\frames\05_SU_uj\05_SU_uj_073.jpg,No face detected (conf < 0.80)
05_SU_uj_074.jpg,C:\Users\kundu\OneDrive\Desktop\KMU-FED-2\data\frames\05_SU_uj\05_SU_uj_074.jpg,No face detected (conf < 0.80)
05_SU_uj_079.jpg,C:\Users\kundu\OneDrive\Desktop\KMU-FED-2\data\frames\05_SU_uj\05_SU_uj_079.jpg,No face detected (conf < 0.80)
05_SU_uj_080.jpg,C:\Users\kundu\OneDrive\Desktop\KMU-FED-2\data\frames\05_SU_uj\05_SU_uj_080.jpg,No face detected (conf < 0.80)
06_SU_dy_086.jpg,C:\Users\kundu\OneDrive\Desktop\KMU-FED-2\data\frames\06_SU_dy\06_SU_dy_086.jpg,No face detected (conf < 0.80)
06_SU_dy_087.jpg,C:\Users\kundu\OneDrive\Desktop\KMU-FED-2\data\frames\06_SU_dy\06_SU_dy_087.jpg,No face detected (conf < 0.80)
06_SU_dy_089.jpg,C:\Users\kundu\OneDrive\Desktop\KMU-FED-2\data\frames\06_SU_dy\06_SU_dy_089.jpg,No face detected (conf < 0.80)
06_SU_dy_090.jpg,C:\Users\kundu\OneDrive\Desktop\KMU-FED-2\data\frames\06_SU_dy\06_SU_dy_090.jpg,No face detected (conf < 0.80)
10_FE_ko_166.jpg,C:\Users\kundu\OneDrive\Desktop\KMU-FED-2\data\frames\10_FE_ko\10_FE_ko_166.jpg,No face detected (conf < 0.80)
10_FE_ko_167.jpg,C:\Users\kundu\OneDrive\Desktop\KMU-FED-2\data\frames\10_FE_ko\10_FE_ko_167.jpg,No face detected (conf < 0.80)
10_FE_ko_168.jpg,C:\Users\kundu\OneDrive\Desktop\KMU-FED-2\data\frames\10_FE_ko\10_FE_ko_168.jpg,No face detected (conf < 0.80)
10_FE_ko_169.jpg,C:\Users\kundu\OneDrive\Desktop\KMU-FED-2\data\frames\10_FE_ko\10_FE_ko_169.jpg,No face detected (conf < 0.80)
10_HA_ko_183.jpg,C:\Users\kundu\OneDrive\Desktop\KMU-FED-2\data\frames\10_HA_ko\10_HA_ko_183.jpg,No face detected (conf < 0.80)
10_SU_ko_125.jpg,C:\Users\kundu\OneDrive\Desktop\KMU-FED-2\data\frames\10_SU_ko\10_SU_ko_125.jpg,No face detected (conf < 0.80)
10_SU_ko_128.jpg,C:\Users\kundu\OneDrive\Desktop\KMU-FED-2\data\frames\10_SU_ko\10_SU_ko_128.jpg,No face detected (conf < 0.80)
10_SU_ko_129.jpg,C:\Users\kundu\OneDrive\Desktop\KMU-FED-2\data\frames\10_SU_ko\10_SU_ko_129.jpg,No face detected (conf < 0.80)
10_SU_ko_130.jpg,C:\Users\kundu\OneDrive\Desktop\KMU-FED-2\data\frames\10_SU_ko\10_SU_ko_130.jpg,No face detected (conf < 0.80)
11_FE_ej_193.jpg,C:\Users\kundu\OneDrive\Desktop\KMU-FED-2\data\frames\11_FE_ej\11_FE_ej_193.jpg,No face detected (conf < 0.80)
12_HA_gu_177.jpg,C:\Users\kundu\OneDrive\Desktop\KMU-FED-2\data\frames\12_HA_gu\12_HA_gu_177.jpg,No face detected (conf < 0.80)
