epoch,train_loss,train_acc,val_loss,val_acc,val_f1
1,0.30209476214188796,90.45226130653266,0.2656513104836146,95.23809523809523,95.83333333333334
2,0.1444812293809194,98.49246231155779,0.0913279615342617,97.61904761904762,97.87234042553192
3,0.06631993817595336,100.0,0.06132123743494352,100.0,100.0
4,0.059503592837315336,100.0,0.06346944843729337,97.61904761904762,97.87234042553192
5,0.08005698096866791,99.49748743718592,0.03662139611939589,100.0,100.0
6,0.034962466989572234,99.49748743718592,0.027049722149968147,100.0,100.0
7,0.03662720422905225,100.0,0.18734043712417284,95.23809523809523,95.83333333333334
8,0.026165300693649512,100.0,0.11781499891852339,97.61904761904762,97.87234042553192
9,0.01538824698386284,100.0,0.058754255529493093,97.61904761904762,97.87234042553192
10,0.02769995924945061,100.0,0.11187381468092401,97.61904761904762,97.87234042553192
11,0.01148745883256197,100.0,0.12434414991488059,97.61904761904762,97.87234042553192
12,0.010158106613044556,100.0,0.11162413128962119,97.61904761904762,97.87234042553192
13,0.01093442659251965,100.0,0.10974783450365067,97.61904761904762,97.87234042553192
14,0.010999966591883164,100.0,0.1000086107912163,97.61904761904762,97.87234042553192
15,0.011948963340658408,100.0,0.08630907504508893,97.61904761904762,97.87234042553192
