sequence_id,filename,subject_id,emotion,emotion_idx,true_emotion_idx,true_emotion,predicted_emotion_idx,predicted_emotion,correct,confidence,prob_Anger,prob_Disgust,prob_Fear,prob_Happiness,prob_Sadness,prob_Surprise
02_AN_s01,02_AN_s01_021.jpg,2,Anger,0,0,Anger,4,Sadness,False,0.64126307,0.3514389,0.001723224,0.0021625296,0.0019489039,0.64126307,0.0014633965
02_AN_s01,02_AN_s01_023.jpg,2,Anger,0,0,Anger,0,Anger,True,0.93375933,0.93375933,0.00075533043,0.02494439,0.0012376264,0.03796228,0.0013411075
02_AN_s01,02_AN_s01_024.jpg,2,Anger,0,0,Anger,0,Anger,True,0.9832513,0.9832513,8.5404674e-05,0.0001268323,0.00010772898,0.016374001,5.4687403e-05
02_AN_s01,02_AN_s01_025.jpg,2,Anger,0,0,Anger,0,Anger,True,0.95565635,0.95565635,0.0031913607,0.0075474186,0.000481203,0.03227304,0.0008506412
02_AN_s01,02_AN_s01_026.jpg,2,Anger,0,0,Anger,0,Anger,True,0.57955664,0.57955664,0.014524842,0.0036927958,0.0007057577,0.4007928,0.0007272579
02_AN_s01,02_AN_s01_027.jpg,2,Anger,0,0,Anger,4,Sadness,False,0.8161836,0.15745024,0.0135398535,0.007944847,0.0020336285,0.8161836,0.0028477432
02_AN_s01,02_AN_s01_028.jpg,2,Anger,0,0,Anger,4,Sadness,False,0.5805605,0.2088966,0.117549516,0.08352054,0.005215143,0.5805605,0.0042577093
02_FE_s01,02_FE_s01_021.jpg,2,Fear,2,2,Fear,3,Happiness,False,0.99359,0.0013608015,0.00014814247,0.004695271,0.99359,8.261309e-05,0.00012330686
02_FE_s01,02_FE_s01_022.jpg,2,Fear,2,2,Fear,3,Happiness,False,0.9918337,0.0002648547,7.18962e-05,0.007737502,0.9918337,5.0499882e-05,4.158248e-05
02_FE_s01,02_FE_s01_023.jpg,2,Fear,2,2,Fear,3,Happiness,False,0.9880855,0.0016963902,0.00022895416,0.009740932,0.9880855,0.00016650591,8.164515e-05
02_FE_s01,02_FE_s01_024.jpg,2,Fear,2,2,Fear,3,Happiness,False,0.9939704,0.0006011115,7.327288e-05,0.005262239,0.9939704,5.3494972e-05,3.961606e-05
02_FE_s01,02_FE_s01_025.jpg,2,Fear,2,2,Fear,3,Happiness,False,0.9936748,0.0014386368,0.000108098706,0.0045827916,0.9936748,8.4120904e-05,0.000111421585
02_FE_s01,02_FE_s01_026.jpg,2,Fear,2,2,Fear,3,Happiness,False,0.9735424,0.015350671,0.00064234156,0.009753433,0.9735424,0.00028263382,0.00042854904
02_FE_s01,02_FE_s01_027.jpg,2,Fear,2,2,Fear,3,Happiness,False,0.97211087,0.0055054976,0.00046006578,0.02114542,0.97211087,0.0005141369,0.00026396677
02_FE_s01,02_FE_s01_028.jpg,2,Fear,2,2,Fear,3,Happiness,False,0.73956156,0.0070761046,0.003308262,0.24737965,0.73956156,0.001917042,0.000757364
02_FE_s01,02_FE_s01_029.jpg,2,Fear,2,2,Fear,3,Happiness,False,0.9877927,0.0034462276,0.00020494277,0.008213158,0.9877927,0.00012655958,0.00021643257
02_FE_s01,02_FE_s01_030.jpg,2,Fear,2,2,Fear,3,Happiness,False,0.933032,0.0026249832,0.00040550824,0.0632447,0.933032,0.0004699476,0.00022287699
02_FE_s01,02_FE_s01_031.jpg,2,Fear,2,2,Fear,2,Fear,True,0.94360745,0.024981044,0.0033844367,0.94360745,0.007032768,0.019094594,0.0018996551
02_FE_s01,02_FE_s01_032.jpg,2,Fear,2,2,Fear,2,Fear,True,0.90963936,0.035510328,0.0030722793,0.90963936,0.004984231,0.04420412,0.002589719
02_FE_s01,02_FE_s01_033.jpg,2,Fear,2,2,Fear,2,Fear,True,0.88387084,0.03897591,0.009590182,0.88387084,0.05564239,0.005158883,0.0067617404
02_FE_s01,02_FE_s01_034.jpg,2,Fear,2,2,Fear,2,Fear,True,0.94788724,0.017101938,0.004788555,0.94788724,0.025916858,0.0028693913,0.0014359324
02_FE_s01,02_FE_s01_035.jpg,2,Fear,2,2,Fear,2,Fear,True,0.96929437,0.00917534,0.0029287394,0.96929437,0.016008006,0.001234638,0.0013588337
02_FE_s01,02_FE_s01_036.jpg,2,Fear,2,2,Fear,2,Fear,True,0.98663527,0.010176181,0.00041089338,0.98663527,0.0019581027,0.00038132592,0.0004382497
02_FE_s01,02_FE_s01_037.jpg,2,Fear,2,2,Fear,2,Fear,True,0.99643147,0.0006172977,0.0001485378,0.99643147,0.002540207,9.318246e-05,0.0001693791
02_FE_s01,02_FE_s01_038.jpg,2,Fear,2,2,Fear,2,Fear,True,0.9991441,0.00011958849,5.54064e-05,0.9991441,0.00057998166,8.505087e-05,1.595911e-05
02_FE_s01,02_FE_s01_039.jpg,2,Fear,2,2,Fear,2,Fear,True,0.99973434,1.5827041e-05,8.257519e-06,0.99973434,0.00022050239,1.1744632e-05,9.271658e-06
02_FE_s01,02_FE_s01_040.jpg,2,Fear,2,2,Fear,2,Fear,True,0.99942195,5.1050534e-05,2.6148744e-05,0.99942195,0.00045367435,3.4150802e-05,1.2957795e-05
02_HA_s01,02_HA_s01_021.jpg,2,Happiness,3,3,Happiness,3,Happiness,True,0.95082843,0.004553811,0.0074657607,0.036739893,0.95082843,8.156704e-05,0.00033048075
02_HA_s01,02_HA_s01_022.jpg,2,Happiness,3,3,Happiness,3,Happiness,True,0.90707344,0.0053059193,0.0050131176,0.08211232,0.90707344,0.00022538792,0.0002698495
02_HA_s01,02_HA_s01_023.jpg,2,Happiness,3,3,Happiness,3,Happiness,True,0.8281207,0.06686838,0.035111494,0.06510901,0.8281207,0.0013276112,0.003462784
02_HA_s01,02_HA_s01_024.jpg,2,Happiness,3,3,Happiness,3,Happiness,True,0.9365754,0.001675055,0.0127406735,0.04856114,0.9365754,0.000119018434,0.00032870084
02_HA_s01,02_HA_s01_025.jpg,2,Happiness,3,3,Happiness,3,Happiness,True,0.6864136,0.048916582,0.01988584,0.24156237,0.6864136,0.0012074077,0.0020142132
02_HA_s01,02_HA_s01_026.jpg,2,Happiness,3,3,Happiness,3,Happiness,True,0.95242834,0.00046171332,0.00077865104,0.046239305,0.95242834,4.5989706e-05,4.5941968e-05
02_HA_s01,02_HA_s01_027.jpg,2,Happiness,3,3,Happiness,3,Happiness,True,0.98582745,0.0008234123,0.0063898587,0.0067184386,0.98582745,5.08696e-05,0.00018993841
02_HA_s01,02_HA_s01_028.jpg,2,Happiness,3,3,Happiness,3,Happiness,True,0.9854107,0.0029114906,0.0024199407,0.009076072,0.9854107,3.3047436e-05,0.00014885173
02_HA_s01,02_HA_s01_029.jpg,2,Happiness,3,3,Happiness,3,Happiness,True,0.98801476,0.0037180046,0.0035410267,0.0043853302,0.98801476,7.218006e-05,0.00026867626
02_HA_s01,02_HA_s01_030.jpg,2,Happiness,3,3,Happiness,3,Happiness,True,0.9909859,0.002773573,0.0011423234,0.005026422,0.9909859,2.3954975e-05,4.782962e-05
02_SU_s01,02_SU_s01_021.jpg,2,Surprise,5,5,Surprise,2,Fear,False,0.78545725,0.0015265007,0.009326784,0.78545725,0.0026671742,0.13882232,0.062200043
02_SU_s01,02_SU_s01_022.jpg,2,Surprise,5,5,Surprise,4,Sadness,False,0.66850185,0.0016227585,0.012724169,0.14417265,0.0025127197,0.66850185,0.17046581
02_SU_s01,02_SU_s01_023.jpg,2,Surprise,5,5,Surprise,4,Sadness,False,0.7304862,0.00052226754,0.011338024,0.050374374,0.0014024411,0.7304862,0.20587666
02_SU_s01,02_SU_s01_024.jpg,2,Surprise,5,5,Surprise,5,Surprise,True,0.64993554,0.005305287,0.009830073,0.065532655,0.007452414,0.26194406,0.64993554
02_SU_s01,02_SU_s01_025.jpg,2,Surprise,5,5,Surprise,5,Surprise,True,0.9412823,0.00033888614,0.008852433,0.009298161,0.0004419681,0.039786223,0.9412823
02_SU_s01,02_SU_s01_026.jpg,2,Surprise,5,5,Surprise,5,Surprise,True,0.7057379,0.0018205523,0.0034750588,0.09794754,0.0031160105,0.187903,0.7057379
02_SU_s01,02_SU_s01_027.jpg,2,Surprise,5,5,Surprise,5,Surprise,True,0.44174692,0.0011762561,0.006264437,0.18469097,0.0020948027,0.36402655,0.44174692
02_SU_s01,02_SU_s01_028.jpg,2,Surprise,5,5,Surprise,5,Surprise,True,0.4102655,0.003363291,0.006445939,0.17195626,0.0011351395,0.40683383,0.4102655
02_SU_s01,02_SU_s01_029.jpg,2,Surprise,5,5,Surprise,5,Surprise,True,0.71239156,0.0011893943,0.005717205,0.15578088,0.0026658324,0.122255124,0.71239156
02_SU_s01,02_SU_s01_030.jpg,2,Surprise,5,5,Surprise,4,Sadness,False,0.73899907,0.0003821223,0.0076527367,0.046720788,0.0018927695,0.73899907,0.2043525
02_SU_s01,02_SU_s01_031.jpg,2,Surprise,5,5,Surprise,5,Surprise,True,0.5167289,0.008078787,0.00948639,0.45636794,0.000516614,0.008821315,0.5167289
02_SU_s01,02_SU_s01_032.jpg,2,Surprise,5,5,Surprise,2,Fear,False,0.51203144,0.00896802,0.00473899,0.51203144,0.00026736932,0.013443142,0.46055108
02_SU_s01,02_SU_s01_033.jpg,2,Surprise,5,5,Surprise,5,Surprise,True,0.75704527,0.018039754,0.0012027932,0.22048652,0.00021703767,0.0030086022,0.75704527
02_SU_s01,02_SU_s01_034.jpg,2,Surprise,5,5,Surprise,2,Fear,False,0.7044483,0.025990542,0.0054755486,0.7044483,0.00016212872,0.0027436542,0.2611798
02_SU_s01,02_SU_s01_035.jpg,2,Surprise,5,5,Surprise,5,Surprise,True,0.7780436,0.008358317,0.01143512,0.19953218,0.00081701216,0.0018137067,0.7780436
02_SU_s01,02_SU_s01_036.jpg,2,Surprise,5,5,Surprise,5,Surprise,True,0.77388525,0.008717201,0.00564002,0.2083348,0.0004789043,0.002943801,0.77388525
02_SU_s01,02_SU_s01_037.jpg,2,Surprise,5,5,Surprise,5,Surprise,True,0.8356554,0.01578757,0.024072394,0.074943855,0.0005506632,0.048990108,0.8356554
02_SU_s01,02_SU_s01_038.jpg,2,Surprise,5,5,Surprise,2,Fear,False,0.66504216,0.008236065,0.08380009,0.66504216,0.0041103773,0.021007743,0.21780348
02_SU_s01,02_SU_s01_039.jpg,2,Surprise,5,5,Surprise,2,Fear,False,0.83264863,0.016949056,0.03538337,0.83264863,0.00088791875,0.013915234,0.10021574
02_SU_s01,02_SU_s01_040.jpg,2,Surprise,5,5,Surprise,2,Fear,False,0.85047644,0.060874157,0.034961957,0.85047644,0.0052904966,0.01945545,0.02894158
11_AN_ej,11_AN_ej_151.jpg,11,Anger,0,0,Anger,2,Fear,False,0.76479,0.00039882585,0.010943911,0.76479,0.00013803238,0.07776757,0.14596164
11_AN_ej,11_AN_ej_152.jpg,11,Anger,0,0,Anger,2,Fear,False,0.7875365,0.00056680944,0.013548563,0.7875365,0.00014086,0.13948703,0.05872022
11_AN_ej,11_AN_ej_153.jpg,11,Anger,0,0,Anger,2,Fear,False,0.7400687,0.00024797788,0.015543064,0.7400687,0.00014722906,0.15821159,0.085781455
11_AN_ej,11_AN_ej_154.jpg,11,Anger,0,0,Anger,2,Fear,False,0.41484293,0.00072343746,0.021294937,0.41484293,0.00022082258,0.37545338,0.18746443
11_AN_ej,11_AN_ej_155.jpg,11,Anger,0,0,Anger,4,Sadness,False,0.5975699,0.00080644386,0.016846027,0.2589948,0.00048004705,0.5975699,0.12530288
11_AN_ej,11_AN_ej_156.jpg,11,Anger,0,0,Anger,4,Sadness,False,0.6043973,0.00090826396,0.025336986,0.30814427,0.00034115196,0.6043973,0.060871966
11_AN_ej,11_AN_ej_157.jpg,11,Anger,0,0,Anger,2,Fear,False,0.7378549,0.00071472186,0.015508055,0.7378549,0.00044056194,0.14925827,0.09622352
11_AN_ej,11_AN_ej_158.jpg,11,Anger,0,0,Anger,4,Sadness,False,0.7961515,0.00039068202,0.009729052,0.12834924,0.00018976275,0.7961515,0.06518979
11_AN_ej,11_AN_ej_159.jpg,11,Anger,0,0,Anger,4,Sadness,False,0.72271407,0.0014747716,0.032393828,0.21478416,0.00042370663,0.72271407,0.028209483
11_AN_ej,11_AN_ej_160.jpg,11,Anger,0,0,Anger,4,Sadness,False,0.91485256,0.0005858705,0.0063922144,0.061393153,0.00024426563,0.91485256,0.016531914
11_AN_ej,11_AN_ej_161.jpg,11,Anger,0,0,Anger,4,Sadness,False,0.36506316,0.005066882,0.06804213,0.24381319,0.0024966376,0.36506316,0.31551808
11_AN_ej,11_AN_ej_162.jpg,11,Anger,0,0,Anger,5,Surprise,False,0.36457384,0.0097057745,0.11693749,0.3269999,0.0011132354,0.18066965,0.36457384
11_AN_ej,11_AN_ej_163.jpg,11,Anger,0,0,Anger,5,Surprise,False,0.49999964,0.0023864796,0.05671932,0.31598604,0.0014287885,0.123479776,0.49999964
11_AN_ej,11_AN_ej_164.jpg,11,Anger,0,0,Anger,5,Surprise,False,0.5017655,0.004293985,0.06416157,0.12095878,0.0015639102,0.30725622,0.5017655
11_AN_ej,11_AN_ej_165.jpg,11,Anger,0,0,Anger,5,Surprise,False,0.5483401,0.017515223,0.023438998,0.176384,0.0014879046,0.2328338,0.5483401
11_AN_ej,11_AN_ej_166.jpg,11,Anger,0,0,Anger,5,Surprise,False,0.6994469,0.037315078,0.02175835,0.079210036,0.0019430617,0.1603266,0.6994469
11_AN_ej,11_AN_ej_167.jpg,11,Anger,0,0,Anger,5,Surprise,False,0.40522528,0.04910784,0.022717955,0.13554715,0.0016165777,0.38578525,0.40522528
11_AN_ej,11_AN_ej_168.jpg,11,Anger,0,0,Anger,5,Surprise,False,0.46786332,0.016444203,0.028719435,0.113244146,0.0021277722,0.37160116,0.46786332
11_AN_ej,11_AN_ej_169.jpg,11,Anger,0,0,Anger,5,Surprise,False,0.45748562,0.007900746,0.08619287,0.0714076,0.001625364,0.37538785,0.45748562
11_AN_ej,11_AN_ej_170.jpg,11,Anger,0,0,Anger,2,Fear,False,0.5221384,0.0059492756,0.05022092,0.5221384,0.0010190175,0.16945593,0.25121647
11_DI_ej,11_DI_ej_101.jpg,11,Disgust,1,1,Disgust,5,Surprise,False,0.7885634,0.012178376,0.09196353,0.033671197,0.03749751,0.03612605,0.7885634
11_DI_ej,11_DI_ej_102.jpg,11,Disgust,1,1,Disgust,5,Surprise,False,0.56829846,0.03286054,0.15361361,0.10799106,0.040909283,0.09632705,0.56829846
11_DI_ej,11_DI_ej_103.jpg,11,Disgust,1,1,Disgust,5,Surprise,False,0.6566618,0.019413717,0.13687983,0.06602606,0.03176095,0.089257695,0.6566618
11_DI_ej,11_DI_ej_104.jpg,11,Disgust,1,1,Disgust,5,Surprise,False,0.6887889,0.0107248165,0.15284808,0.040928032,0.04099436,0.06571579,0.6887889
11_DI_ej,11_DI_ej_105.jpg,11,Disgust,1,1,Disgust,5,Surprise,False,0.6483753,0.04337537,0.19613725,0.045541305,0.038407948,0.02816282,0.6483753
11_DI_ej,11_DI_ej_106.jpg,11,Disgust,1,1,Disgust,1,Disgust,True,0.5768388,0.0096544335,0.5768388,0.1068022,0.012955253,0.023993995,0.2697553
11_DI_ej,11_DI_ej_107.jpg,11,Disgust,1,1,Disgust,5,Surprise,False,0.45200324,0.0236764,0.28135085,0.05912729,0.06477707,0.11906515,0.45200324
11_DI_ej,11_DI_ej_108.jpg,11,Disgust,1,1,Disgust,1,Disgust,True,0.43448657,0.008124983,0.43448657,0.0360539,0.099893734,0.25801155,0.16342917
11_DI_ej,11_DI_ej_109.jpg,11,Disgust,1,1,Disgust,1,Disgust,True,0.69695455,0.0088254,0.69695455,0.026153516,0.04367811,0.12204129,0.10234713
11_DI_ej,11_DI_ej_110.jpg,11,Disgust,1,1,Disgust,1,Disgust,True,0.9174522,0.00087790657,0.9174522,0.012448306,0.006300327,0.009382662,0.053538557
11_DI_ej,11_DI_ej_111.jpg,11,Disgust,1,1,Disgust,5,Surprise,False,0.4520449,0.018846052,0.29757872,0.13597524,0.004599781,0.09095535,0.4520449
11_DI_ej,11_DI_ej_112.jpg,11,Disgust,1,1,Disgust,5,Surprise,False,0.60475117,0.015637955,0.1403157,0.17785767,0.0051926835,0.056244828,0.60475117
11_DI_ej,11_DI_ej_113.jpg,11,Disgust,1,1,Disgust,1,Disgust,True,0.40336937,0.026096089,0.40336937,0.34609258,0.01722529,0.07176095,0.13545568
11_DI_ej,11_DI_ej_114.jpg,11,Disgust,1,1,Disgust,2,Fear,False,0.39546978,0.010130796,0.28004566,0.39546978,0.005054369,0.047126405,0.2621729
11_DI_ej,11_DI_ej_115.jpg,11,Disgust,1,1,Disgust,1,Disgust,True,0.36473164,0.023546476,0.36473164,0.16959426,0.0075332136,0.070776954,0.3638175
11_DI_ej,11_DI_ej_116.jpg,11,Disgust,1,1,Disgust,5,Surprise,False,0.3901991,0.045369346,0.17783734,0.338585,0.01271749,0.035291765,0.3901991
11_DI_ej,11_DI_ej_117.jpg,11,Disgust,1,1,Disgust,5,Surprise,False,0.36300698,0.064131394,0.3350616,0.1925204,0.01460674,0.030672919,0.36300698
11_DI_ej,11_DI_ej_118.jpg,11,Disgust,1,1,Disgust,5,Surprise,False,0.7690135,0.026146209,0.07528788,0.10177684,0.012110735,0.015664814,0.7690135
11_DI_ej,11_DI_ej_119.jpg,11,Disgust,1,1,Disgust,5,Surprise,False,0.49011406,0.026372343,0.059333745,0.39123836,0.009584891,0.023356503,0.49011406
11_DI_ej,11_DI_ej_120.jpg,11,Disgust,1,1,Disgust,5,Surprise,False,0.4314612,0.008036574,0.18093301,0.31083488,0.00552467,0.06320967,0.4314612
11_FE_ej,11_FE_ej_181.jpg,11,Fear,2,2,Fear,2,Fear,True,0.4732564,0.00036101195,0.40764233,0.4732564,0.007825684,0.010405457,0.10050909
11_FE_ej,11_FE_ej_182.jpg,11,Fear,2,2,Fear,1,Disgust,False,0.7779365,5.447226e-05,0.7779365,0.117900044,0.0016266152,0.0058931205,0.096589334
11_FE_ej,11_FE_ej_183.jpg,11,Fear,2,2,Fear,5,Surprise,False,0.48626924,0.0001346275,0.4072591,0.09423234,0.0021766415,0.009928097,0.48626924
11_FE_ej,11_FE_ej_184.jpg,11,Fear,2,2,Fear,1,Disgust,False,0.7512387,6.081117e-05,0.7512387,0.14074203,0.000530029,0.013391855,0.09403666
11_FE_ej,11_FE_ej_185.jpg,11,Fear,2,2,Fear,5,Surprise,False,0.700903,2.3118526e-05,0.24330197,0.051550884,0.0009372693,0.0032837724,0.700903
11_FE_ej,11_FE_ej_186.jpg,11,Fear,2,2,Fear,2,Fear,True,0.36616817,4.2880118e-05,0.35006624,0.36616817,0.0007715945,0.016420413,0.2665307
11_FE_ej,11_FE_ej_187.jpg,11,Fear,2,2,Fear,1,Disgust,False,0.544055,6.649664e-05,0.544055,0.18320836,0.0011129718,0.0044435523,0.26711357
11_FE_ej,11_FE_ej_188.jpg,11,Fear,2,2,Fear,5,Surprise,False,0.51484853,7.144879e-06,0.101128444,0.34255317,0.00077764044,0.040685087,0.51484853
11_FE_ej,11_FE_ej_189.jpg,11,Fear,2,2,Fear,5,Surprise,False,0.4011048,9.304804e-05,0.118001975,0.36039585,0.0042132707,0.11619106,0.4011048
11_FE_ej,11_FE_ej_190.jpg,11,Fear,2,2,Fear,5,Surprise,False,0.45749384,4.6592348e-05,0.3252716,0.1930549,0.0007911738,0.02334191,0.45749384
11_FE_ej,11_FE_ej_191.jpg,11,Fear,2,2,Fear,2,Fear,True,0.8907741,0.00020659863,0.0027547327,0.8907741,0.0018609375,0.020390205,0.08401352
11_FE_ej,11_FE_ej_192.jpg,11,Fear,2,2,Fear,2,Fear,True,0.84761405,0.00026550924,0.0013375833,0.84761405,0.0021336433,0.018678002,0.12997134
11_FE_ej,11_FE_ej_194.jpg,11,Fear,2,2,Fear,2,Fear,True,0.72671944,0.0003167977,0.00078848726,0.72671944,0.0010165835,0.0052576223,0.2659011
11_FE_ej,11_FE_ej_195.jpg,11,Fear,2,2,Fear,2,Fear,True,0.95545554,0.00011433166,0.00079915085,0.95545554,0.0002768924,0.0025813996,0.04077273
11_FE_ej,11_FE_ej_196.jpg,11,Fear,2,2,Fear,2,Fear,True,0.8786833,0.0001999785,0.0025284474,0.8786833,0.0005349174,0.02405674,0.093996495
11_FE_ej,11_FE_ej_197.jpg,11,Fear,2,2,Fear,2,Fear,True,0.8593642,0.00034899238,0.004712377,0.8593642,0.00082819513,0.023751752,0.11099444
11_FE_ej,11_FE_ej_198.jpg,11,Fear,2,2,Fear,2,Fear,True,0.71052206,0.00040723165,0.011268147,0.71052206,0.001815568,0.060317717,0.21566923
11_FE_ej,11_FE_ej_199.jpg,11,Fear,2,2,Fear,2,Fear,True,0.93142706,6.711248e-05,0.002655263,0.93142706,0.00021015108,0.0057935216,0.059846867
11_FE_ej,11_FE_ej_200.jpg,11,Fear,2,2,Fear,2,Fear,True,0.9681451,0.00011138127,0.0013782264,0.9681451,0.00029138773,0.01269298,0.017380917
11_SA_ej,11_SA_ej_131.jpg,11,Sadness,4,4,Sadness,4,Sadness,True,0.85282177,9.915819e-05,0.00589587,0.023160033,0.0002648764,0.85282177,0.11775832
11_SA_ej,11_SA_ej_132.jpg,11,Sadness,4,4,Sadness,4,Sadness,True,0.875505,6.8360896e-05,0.023534779,0.02035758,0.000226338,0.875505,0.08030802
11_SA_ej,11_SA_ej_133.jpg,11,Sadness,4,4,Sadness,4,Sadness,True,0.9183575,4.7961817e-05,0.041700557,0.005048267,0.0001986899,0.9183575,0.03464694
11_SA_ej,11_SA_ej_134.jpg,11,Sadness,4,4,Sadness,4,Sadness,True,0.9575735,6.105362e-05,0.027355822,0.0049443534,7.8143974e-05,0.9575735,0.009987098
11_SA_ej,11_SA_ej_135.jpg,11,Sadness,4,4,Sadness,4,Sadness,True,0.9868946,6.1258215e-05,0.007951856,0.0013859086,0.000121083925,0.9868946,0.0035852643
11_SA_ej,11_SA_ej_136.jpg,11,Sadness,4,4,Sadness,4,Sadness,True,0.7475491,0.00010947205,0.23701844,0.005161029,4.4925568e-05,0.7475491,0.01011701
11_SA_ej,11_SA_ej_137.jpg,11,Sadness,4,4,Sadness,4,Sadness,True,0.965868,1.3829845e-05,0.02832644,0.00217106,2.4820518e-05,0.965868,0.0035958067
11_SA_ej,11_SA_ej_138.jpg,11,Sadness,4,4,Sadness,4,Sadness,True,0.9441222,8.861474e-06,0.052322283,0.0015319515,2.6042315e-05,0.9441222,0.0019886533
11_SA_ej,11_SA_ej_139.jpg,11,Sadness,4,4,Sadness,4,Sadness,True,0.95853513,1.762003e-05,0.025356304,0.008215899,5.1583585e-05,0.95853513,0.00782344
11_SA_ej,11_SA_ej_140.jpg,11,Sadness,4,4,Sadness,4,Sadness,True,0.87415373,3.2409793e-05,0.10363996,0.007618954,7.8679266e-05,0.87415373,0.014476295
11_SA_ej,11_SA_ej_141.jpg,11,Sadness,4,4,Sadness,4,Sadness,True,0.69190586,5.8679965e-05,0.14090976,0.025236214,0.00037016618,0.69190586,0.14151932
11_SA_ej,11_SA_ej_142.jpg,11,Sadness,4,4,Sadness,4,Sadness,True,0.536727,0.0002586824,0.17985609,0.021934137,0.0012041001,0.536727,0.26002
11_SA_ej,11_SA_ej_143.jpg,11,Sadness,4,4,Sadness,5,Surprise,False,0.46520993,0.0002917023,0.07795826,0.020909755,0.0005361812,0.4350941,0.46520993
11_SA_ej,11_SA_ej_144.jpg,11,Sadness,4,4,Sadness,4,Sadness,True,0.4027574,0.00023321826,0.19613487,0.012613944,0.00096670707,0.4027574,0.38729385
11_SA_ej,11_SA_ej_145.jpg,11,Sadness,4,4,Sadness,4,Sadness,True,0.609157,8.331987e-05,0.121651314,0.013933095,0.00040083114,0.609157,0.25477442
11_SA_ej,11_SA_ej_146.jpg,11,Sadness,4,4,Sadness,4,Sadness,True,0.624379,0.00013180188,0.20584911,0.007803434,0.00021095671,0.624379,0.16162565
11_SA_ej,11_SA_ej_147.jpg,11,Sadness,4,4,Sadness,4,Sadness,True,0.6787643,0.0005620516,0.18779112,0.012649369,0.0018191483,0.6787643,0.118413985
11_SA_ej,11_SA_ej_148.jpg,11,Sadness,4,4,Sadness,1,Disgust,False,0.44657037,0.0006046849,0.44657037,0.033786222,0.0043241144,0.3440438,0.17067087
11_SA_ej,11_SA_ej_149.jpg,11,Sadness,4,4,Sadness,5,Surprise,False,0.49184203,0.0005620235,0.27959007,0.056356914,0.004103044,0.16754583,0.49184203
11_SA_ej,11_SA_ej_150.jpg,11,Sadness,4,4,Sadness,4,Sadness,True,0.53268313,0.0004211044,0.12995355,0.054347172,0.0024756512,0.53268313,0.28011936
11_SU_ej,11_SU_ej_131.jpg,11,Surprise,5,5,Surprise,5,Surprise,True,0.99938214,9.917476e-07,0.00016518135,0.0003500236,2.1747173e-05,7.993988e-05,0.99938214
11_SU_ej,11_SU_ej_132.jpg,11,Surprise,5,5,Surprise,5,Surprise,True,0.9981623,8.6672964e-07,0.0008330423,0.0005402231,2.0296733e-05,0.0004432796,0.9981623
11_SU_ej,11_SU_ej_133.jpg,11,Surprise,5,5,Surprise,5,Surprise,True,0.9986162,1.0241438e-06,0.0003387584,0.0009665973,1.5119584e-05,6.2279876e-05,0.9986162
11_SU_ej,11_SU_ej_134.jpg,11,Surprise,5,5,Surprise,5,Surprise,True,0.99663156,1.4485282e-06,0.00044095668,0.00276909,4.855017e-05,0.00010838427,0.99663156
11_SU_ej,11_SU_ej_135.jpg,11,Surprise,5,5,Surprise,5,Surprise,True,0.9980825,1.5892297e-06,0.0008401487,0.00087937695,1.7817287e-05,0.00017852453,0.9980825
11_SU_ej,11_SU_ej_136.jpg,11,Surprise,5,5,Surprise,5,Surprise,True,0.9975992,1.0445559e-06,0.001329562,0.00076462136,1.2712839e-05,0.0002928376,0.9975992
11_SU_ej,11_SU_ej_137.jpg,11,Surprise,5,5,Surprise,5,Surprise,True,0.9978537,1.956878e-06,0.0005906409,0.0013871428,1.6985712e-05,0.00014951911,0.9978537
11_SU_ej,11_SU_ej_138.jpg,11,Surprise,5,5,Surprise,5,Surprise,True,0.99906915,7.278245e-07,6.738477e-05,0.0007943918,1.0611281e-05,5.7716945e-05,0.99906915
11_SU_ej,11_SU_ej_139.jpg,11,Surprise,5,5,Surprise,5,Surprise,True,0.9975739,4.678616e-07,0.00018878737,0.00217596,9.2118025e-06,5.1660838e-05,0.9975739
11_SU_ej,11_SU_ej_140.jpg,11,Surprise,5,5,Surprise,5,Surprise,True,0.99621284,1.7680172e-06,0.0011969554,0.002031213,9.801442e-05,0.00045919447,0.99621284
11_SU_ej,11_SU_ej_141.jpg,11,Surprise,5,5,Surprise,5,Surprise,True,0.99994874,8.5154846e-07,1.5932927e-05,2.4748811e-05,3.3466924e-06,6.357906e-06,0.99994874
11_SU_ej,11_SU_ej_142.jpg,11,Surprise,5,5,Surprise,5,Surprise,True,0.99998975,1.8065222e-07,2.2471054e-06,5.862011e-06,3.6091268e-07,1.5605448e-06,0.99998975
11_SU_ej,11_SU_ej_143.jpg,11,Surprise,5,5,Surprise,5,Surprise,True,0.9999727,1.7952729e-07,4.2009974e-06,1.9174331e-05,4.921805e-07,3.2453568e-06,0.9999727
11_SU_ej,11_SU_ej_144.jpg,11,Surprise,5,5,Surprise,5,Surprise,True,0.9999517,6.315204e-07,9.667746e-06,3.3126194e-05,1.8570056e-06,3.0531153e-06,0.9999517
11_SU_ej,11_SU_ej_145.jpg,11,Surprise,5,5,Surprise,5,Surprise,True,0.99995565,4.816309e-07,8.433429e-06,2.4812649e-05,2.9688767e-06,7.662871e-06,0.99995565
11_SU_ej,11_SU_ej_146.jpg,11,Surprise,5,5,Surprise,5,Surprise,True,0.99993074,2.1580877e-06,5.137587e-06,5.245353e-05,4.4539097e-06,5.0961867e-06,0.99993074
11_SU_ej,11_SU_ej_147.jpg,11,Surprise,5,5,Surprise,5,Surprise,True,0.99997497,6.886924e-07,3.2521866e-06,1.3322663e-05,2.011552e-06,5.7725247e-06,0.99997497
11_SU_ej,11_SU_ej_148.jpg,11,Surprise,5,5,Surprise,5,Surprise,True,0.99968827,5.13626e-07,6.4344174e-05,0.00015392838,3.4183738e-06,8.957652e-05,0.99968827
11_SU_ej,11_SU_ej_149.jpg,11,Surprise,5,5,Surprise,5,Surprise,True,0.9998956,6.4450506e-07,1.6080345e-05,2.132865e-05,3.5408555e-06,6.2788786e-05,0.9998956
11_SU_ej,11_SU_ej_150.jpg,11,Surprise,5,5,Surprise,5,Surprise,True,0.9999616,8.139947e-07,5.2250475e-06,2.4490251e-05,7.3487604e-07,7.1778522e-06,0.9999616
