sequence_id,filename,subject_id,emotion,emotion_idx
01_AN_mr,01_AN_mr_001.jpg,1,Anger,0
01_AN_mr,01_AN_mr_002.jpg,1,Anger,0
01_AN_mr,01_AN_mr_003.jpg,1,Anger,0
01_AN_mr,01_AN_mr_004.jpg,1,Anger,0
01_AN_mr,01_AN_mr_005.jpg,1,Anger,0
01_AN_mr,01_AN_mr_006.jpg,1,Anger,0
01_AN_mr,01_AN_mr_007.jpg,1,Anger,0
01_AN_mr,01_AN_mr_008.jpg,1,Anger,0
01_AN_mr,01_AN_mr_009.jpg,1,Anger,0
01_AN_mr,01_AN_mr_010.jpg,1,Anger,0
01_AN_mr,01_AN_mr_011.jpg,1,Anger,0
01_AN_mr,01_AN_mr_012.jpg,1,Anger,0
01_AN_mr,01_AN_mr_013.jpg,1,Anger,0
01_AN_mr,01_AN_mr_014.jpg,1,Anger,0
01_AN_mr,01_AN_mr_015.jpg,1,Anger,0
01_AN_mr,01_AN_mr_016.jpg,1,Anger,0
01_AN_mr,01_AN_mr_017.jpg,1,Anger,0
01_AN_mr,01_AN_mr_018.jpg,1,Anger,0
01_AN_mr,01_AN_mr_019.jpg,1,Anger,0
01_AN_mr,01_AN_mr_020.jpg,1,Anger,0
01_DI_mr,01_DI_mr_001.jpg,1,Disgust,1
01_DI_mr,01_DI_mr_002.jpg,1,Disgust,1
01_DI_mr,01_DI_mr_003.jpg,1,Disgust,1
01_DI_mr,01_DI_mr_004.jpg,1,Disgust,1
01_DI_mr,01_DI_mr_005.jpg,1,Disgust,1
01_DI_mr,01_DI_mr_006.jpg,1,Disgust,1
01_DI_mr,01_DI_mr_007.jpg,1,Disgust,1
01_DI_mr,01_DI_mr_008.jpg,1,Disgust,1
01_DI_mr,01_DI_mr_009.jpg,1,Disgust,1
01_DI_mr,01_DI_mr_010.jpg,1,Disgust,1
01_DI_mr,01_DI_mr_011.jpg,1,Disgust,1
01_DI_mr,01_DI_mr_012.jpg,1,Disgust,1
01_DI_mr,01_DI_mr_013.jpg,1,Disgust,1
01_DI_mr,01_DI_mr_014.jpg,1,Disgust,1
01_DI_mr,01_DI_mr_015.jpg,1,Disgust,1
01_DI_mr,01_DI_mr_016.jpg,1,Disgust,1
01_DI_mr,01_DI_mr_017.jpg,1,Disgust,1
01_DI_mr,01_DI_mr_018.jpg,1,Disgust,1
01_DI_mr,01_DI_mr_019.jpg,1,Disgust,1
01_DI_mr,01_DI_mr_020.jpg,1,Disgust,1
01_FE_mr,01_FE_mr_001.jpg,1,Fear,2
01_FE_mr,01_FE_mr_002.jpg,1,Fear,2
01_FE_mr,01_FE_mr_003.jpg,1,Fear,2
01_FE_mr,01_FE_mr_004.jpg,1,Fear,2
01_FE_mr,01_FE_mr_005.jpg,1,Fear,2
01_FE_mr,01_FE_mr_006.jpg,1,Fear,2
01_FE_mr,01_FE_mr_007.jpg,1,Fear,2
01_FE_mr,01_FE_mr_008.jpg,1,Fear,2
01_FE_mr,01_FE_mr_009.jpg,1,Fear,2
01_FE_mr,01_FE_mr_010.jpg,1,Fear,2
01_FE_mr,01_FE_mr_011.jpg,1,Fear,2
01_FE_mr,01_FE_mr_012.jpg,1,Fear,2
01_FE_mr,01_FE_mr_013.jpg,1,Fear,2
01_FE_mr,01_FE_mr_014.jpg,1,Fear,2
01_FE_mr,01_FE_mr_015.jpg,1,Fear,2
01_FE_mr,01_FE_mr_016.jpg,1,Fear,2
01_FE_mr,01_FE_mr_017.jpg,1,Fear,2
01_FE_mr,01_FE_mr_018.jpg,1,Fear,2
01_FE_mr,01_FE_mr_019.jpg,1,Fear,2
01_FE_mr,01_FE_mr_020.jpg,1,Fear,2
01_HA_mr,01_HA_mr_001.jpg,1,Happiness,3
01_HA_mr,01_HA_mr_002.jpg,1,Happiness,3
01_HA_mr,01_HA_mr_003.jpg,1,Happiness,3
01_HA_mr,01_HA_mr_004.jpg,1,Happiness,3
01_HA_mr,01_HA_mr_005.jpg,1,Happiness,3
01_HA_mr,01_HA_mr_006.jpg,1,Happiness,3
01_HA_mr,01_HA_mr_007.jpg,1,Happiness,3
01_HA_mr,01_HA_mr_008.jpg,1,Happiness,3
01_HA_mr,01_HA_mr_009.jpg,1,Happiness,3
01_HA_mr,01_HA_mr_010.jpg,1,Happiness,3
01_HA_mr,01_HA_mr_011.jpg,1,Happiness,3
01_HA_mr,01_HA_mr_012.jpg,1,Happiness,3
01_HA_mr,01_HA_mr_013.jpg,1,Happiness,3
01_HA_mr,01_HA_mr_014.jpg,1,Happiness,3
01_HA_mr,01_HA_mr_015.jpg,1,Happiness,3
01_HA_mr,01_HA_mr_016.jpg,1,Happiness,3
01_HA_mr,01_HA_mr_017.jpg,1,Happiness,3
01_HA_mr,01_HA_mr_018.jpg,1,Happiness,3
01_HA_mr,01_HA_mr_019.jpg,1,Happiness,3
01_HA_mr,01_HA_mr_020.jpg,1,Happiness,3
01_SA_mr,01_SA_mr_001.jpg,1,Sadness,4
01_SA_mr,01_SA_mr_002.jpg,1,Sadness,4
01_SA_mr,01_SA_mr_003.jpg,1,Sadness,4
01_SA_mr,01_SA_mr_004.jpg,1,Sadness,4
01_SA_mr,01_SA_mr_005.jpg,1,Sadness,4
01_SA_mr,01_SA_mr_006.jpg,1,Sadness,4
01_SA_mr,01_SA_mr_007.jpg,1,Sadness,4
01_SA_mr,01_SA_mr_008.jpg,1,Sadness,4
01_SA_mr,01_SA_mr_009.jpg,1,Sadness,4
01_SA_mr,01_SA_mr_010.jpg,1,Sadness,4
01_SA_mr,01_SA_mr_011.jpg,1,Sadness,4
01_SA_mr,01_SA_mr_012.jpg,1,Sadness,4
01_SA_mr,01_SA_mr_013.jpg,1,Sadness,4
01_SA_mr,01_SA_mr_014.jpg,1,Sadness,4
01_SA_mr,01_SA_mr_015.jpg,1,Sadness,4
01_SA_mr,01_SA_mr_016.jpg,1,Sadness,4
01_SA_mr,01_SA_mr_017.jpg,1,Sadness,4
01_SA_mr,01_SA_mr_018.jpg,1,Sadness,4
01_SA_mr,01_SA_mr_019.jpg,1,Sadness,4
01_SA_mr,01_SA_mr_020.jpg,1,Sadness,4
01_SU_mr,01_SU_mr_001.jpg,1,Surprise,5
01_SU_mr,01_SU_mr_002.jpg,1,Surprise,5
01_SU_mr,01_SU_mr_003.jpg,1,Surprise,5
01_SU_mr,01_SU_mr_004.jpg,1,Surprise,5
01_SU_mr,01_SU_mr_005.jpg,1,Surprise,5
01_SU_mr,01_SU_mr_006.jpg,1,Surprise,5
01_SU_mr,01_SU_mr_007.jpg,1,Surprise,5
01_SU_mr,01_SU_mr_008.jpg,1,Surprise,5
01_SU_mr,01_SU_mr_009.jpg,1,Surprise,5
01_SU_mr,01_SU_mr_010.jpg,1,Surprise,5
01_SU_mr,01_SU_mr_011.jpg,1,Surprise,5
01_SU_mr,01_SU_mr_012.jpg,1,Surprise,5
01_SU_mr,01_SU_mr_013.jpg,1,Surprise,5
01_SU_mr,01_SU_mr_014.jpg,1,Surprise,5
01_SU_mr,01_SU_mr_015.jpg,1,Surprise,5
01_SU_mr,01_SU_mr_016.jpg,1,Surprise,5
01_SU_mr,01_SU_mr_017.jpg,1,Surprise,5
01_SU_mr,01_SU_mr_018.jpg,1,Surprise,5
01_SU_mr,01_SU_mr_019.jpg,1,Surprise,5
01_SU_mr,01_SU_mr_020.jpg,1,Surprise,5
03_AN_s02,03_AN_s02_031.jpg,3,Anger,0
03_AN_s02,03_AN_s02_032.jpg,3,Anger,0
03_AN_s02,03_AN_s02_033.jpg,3,Anger,0
03_AN_s02,03_AN_s02_034.jpg,3,Anger,0
03_AN_s02,03_AN_s02_035.jpg,3,Anger,0
03_AN_s02,03_AN_s02_036.jpg,3,Anger,0
03_AN_s02,03_AN_s02_037.jpg,3,Anger,0
03_AN_s02,03_AN_s02_038.jpg,3,Anger,0
03_AN_s02,03_AN_s02_039.jpg,3,Anger,0
03_AN_s02,03_AN_s02_040.jpg,3,Anger,0
03_FE_s02,03_FE_s02_041.jpg,3,Fear,2
03_FE_s02,03_FE_s02_042.jpg,3,Fear,2
03_FE_s02,03_FE_s02_043.jpg,3,Fear,2
03_FE_s02,03_FE_s02_044.jpg,3,Fear,2
03_FE_s02,03_FE_s02_045.jpg,3,Fear,2
03_FE_s02,03_FE_s02_046.jpg,3,Fear,2
03_FE_s02,03_FE_s02_047.jpg,3,Fear,2
03_FE_s02,03_FE_s02_048.jpg,3,Fear,2
03_FE_s02,03_FE_s02_049.jpg,3,Fear,2
03_FE_s02,03_FE_s02_050.jpg,3,Fear,2
03_FE_s02,03_FE_s02_051.jpg,3,Fear,2
03_FE_s02,03_FE_s02_052.jpg,3,Fear,2
03_FE_s02,03_FE_s02_053.jpg,3,Fear,2
03_FE_s02,03_FE_s02_054.jpg,3,Fear,2
03_FE_s02,03_FE_s02_055.jpg,3,Fear,2
03_FE_s02,03_FE_s02_056.jpg,3,Fear,2
03_FE_s02,03_FE_s02_057.jpg,3,Fear,2
03_FE_s02,03_FE_s02_058.jpg,3,Fear,2
03_FE_s02,03_FE_s02_059.jpg,3,Fear,2
03_FE_s02,03_FE_s02_060.jpg,3,Fear,2
03_HA_s02,03_HA_s02_031.jpg,3,Happiness,3
03_HA_s02,03_HA_s02_032.jpg,3,Happiness,3
03_HA_s02,03_HA_s02_033.jpg,3,Happiness,3
03_HA_s02,03_HA_s02_034.jpg,3,Happiness,3
03_HA_s02,03_HA_s02_035.jpg,3,Happiness,3
03_HA_s02,03_HA_s02_036.jpg,3,Happiness,3
03_HA_s02,03_HA_s02_037.jpg,3,Happiness,3
03_HA_s02,03_HA_s02_038.jpg,3,Happiness,3
03_HA_s02,03_HA_s02_039.jpg,3,Happiness,3
03_HA_s02,03_HA_s02_040.jpg,3,Happiness,3
03_HA_s02,03_HA_s02_041.jpg,3,Happiness,3
03_HA_s02,03_HA_s02_042.jpg,3,Happiness,3
03_HA_s02,03_HA_s02_043.jpg,3,Happiness,3
03_HA_s02,03_HA_s02_044.jpg,3,Happiness,3
03_HA_s02,03_HA_s02_045.jpg,3,Happiness,3
03_HA_s02,03_HA_s02_046.jpg,3,Happiness,3
03_HA_s02,03_HA_s02_047.jpg,3,Happiness,3
03_HA_s02,03_HA_s02_048.jpg,3,Happiness,3
03_HA_s02,03_HA_s02_049.jpg,3,Happiness,3
03_HA_s02,03_HA_s02_050.jpg,3,Happiness,3
03_SA_s02,03_SA_s02_021.jpg,3,Sadness,4
03_SA_s02,03_SA_s02_022.jpg,3,Sadness,4
03_SA_s02,03_SA_s02_023.jpg,3,Sadness,4
03_SA_s02,03_SA_s02_024.jpg,3,Sadness,4
03_SA_s02,03_SA_s02_025.jpg,3,Sadness,4
03_SA_s02,03_SA_s02_026.jpg,3,Sadness,4
03_SA_s02,03_SA_s02_027.jpg,3,Sadness,4
03_SA_s02,03_SA_s02_028.jpg,3,Sadness,4
03_SA_s02,03_SA_s02_029.jpg,3,Sadness,4
03_SA_s02,03_SA_s02_030.jpg,3,Sadness,4
03_SA_s02,03_SA_s02_031.jpg,3,Sadness,4
03_SA_s02,03_SA_s02_032.jpg,3,Sadness,4
03_SA_s02,03_SA_s02_033.jpg,3,Sadness,4
03_SA_s02,03_SA_s02_034.jpg,3,Sadness,4
03_SA_s02,03_SA_s02_035.jpg,3,Sadness,4
03_SA_s02,03_SA_s02_036.jpg,3,Sadness,4
03_SA_s02,03_SA_s02_037.jpg,3,Sadness,4
03_SA_s02,03_SA_s02_038.jpg,3,Sadness,4
03_SA_s02,03_SA_s02_039.jpg,3,Sadness,4
03_SA_s02,03_SA_s02_040.jpg,3,Sadness,4
03_SU_s02,03_SU_s02_041.jpg,3,Surprise,5
03_SU_s02,03_SU_s02_042.jpg,3,Surprise,5
03_SU_s02,03_SU_s02_043.jpg,3,Surprise,5
03_SU_s02,03_SU_s02_044.jpg,3,Surprise,5
03_SU_s02,03_SU_s02_045.jpg,3,Surprise,5
03_SU_s02,03_SU_s02_046.jpg,3,Surprise,5
03_SU_s02,03_SU_s02_047.jpg,3,Surprise,5
03_SU_s02,03_SU_s02_048.jpg,3,Surprise,5
03_SU_s02,03_SU_s02_049.jpg,3,Surprise,5
03_SU_s02,03_SU_s02_050.jpg,3,Surprise,5
03_SU_s02,03_SU_s02_051.jpg,3,Surprise,5
03_SU_s02,03_SU_s02_052.jpg,3,Surprise,5
03_SU_s02,03_SU_s02_053.jpg,3,Surprise,5
03_SU_s02,03_SU_s02_054.jpg,3,Surprise,5
03_SU_s02,03_SU_s02_055.jpg,3,Surprise,5
03_SU_s02,03_SU_s02_056.jpg,3,Surprise,5
03_SU_s02,03_SU_s02_057.jpg,3,Surprise,5
03_SU_s02,03_SU_s02_058.jpg,3,Surprise,5
03_SU_s02,03_SU_s02_059.jpg,3,Surprise,5
03_SU_s02,03_SU_s02_060.jpg,3,Surprise,5
05_AN_uj,05_AN_uj_041.jpg,5,Anger,0
05_AN_uj,05_AN_uj_042.jpg,5,Anger,0
05_AN_uj,05_AN_uj_043.jpg,5,Anger,0
05_AN_uj,05_AN_uj_044.jpg,5,Anger,0
05_AN_uj,05_AN_uj_045.jpg,5,Anger,0
05_AN_uj,05_AN_uj_046.jpg,5,Anger,0
05_AN_uj,05_AN_uj_047.jpg,5,Anger,0
05_AN_uj,05_AN_uj_048.jpg,5,Anger,0
05_AN_uj,05_AN_uj_049.jpg,5,Anger,0
05_AN_uj,05_AN_uj_050.jpg,5,Anger,0
05_AN_uj,05_AN_uj_051.jpg,5,Anger,0
05_AN_uj,05_AN_uj_052.jpg,5,Anger,0
05_AN_uj,05_AN_uj_053.jpg,5,Anger,0
05_AN_uj,05_AN_uj_054.jpg,5,Anger,0
05_AN_uj,05_AN_uj_055.jpg,5,Anger,0
05_AN_uj,05_AN_uj_056.jpg,5,Anger,0
05_AN_uj,05_AN_uj_057.jpg,5,Anger,0
05_AN_uj,05_AN_uj_058.jpg,5,Anger,0
05_AN_uj,05_AN_uj_059.jpg,5,Anger,0
05_AN_uj,05_AN_uj_060.jpg,5,Anger,0
05_DI_uj,05_DI_uj_031.jpg,5,Disgust,1
05_DI_uj,05_DI_uj_032.jpg,5,Disgust,1
05_DI_uj,05_DI_uj_033.jpg,5,Disgust,1
05_DI_uj,05_DI_uj_034.jpg,5,Disgust,1
05_DI_uj,05_DI_uj_035.jpg,5,Disgust,1
05_DI_uj,05_DI_uj_036.jpg,5,Disgust,1
05_DI_uj,05_DI_uj_037.jpg,5,Disgust,1
05_DI_uj,05_DI_uj_038.jpg,5,Disgust,1
05_DI_uj,05_DI_uj_039.jpg,5,Disgust,1
05_DI_uj,05_DI_uj_040.jpg,5,Disgust,1
05_FE_uj,05_FE_uj_081.jpg,5,Fear,2
05_FE_uj,05_FE_uj_082.jpg,5,Fear,2
05_FE_uj,05_FE_uj_083.jpg,5,Fear,2
05_FE_uj,05_FE_uj_084.jpg,5,Fear,2
05_FE_uj,05_FE_uj_085.jpg,5,Fear,2
05_FE_uj,05_FE_uj_086.jpg,5,Fear,2
05_FE_uj,05_FE_uj_087.jpg,5,Fear,2
05_FE_uj,05_FE_uj_088.jpg,5,Fear,2
05_FE_uj,05_FE_uj_089.jpg,5,Fear,2
05_FE_uj,05_FE_uj_090.jpg,5,Fear,2
05_FE_uj,05_FE_uj_091.jpg,5,Fear,2
05_FE_uj,05_FE_uj_092.jpg,5,Fear,2
05_FE_uj,05_FE_uj_093.jpg,5,Fear,2
05_FE_uj,05_FE_uj_094.jpg,5,Fear,2
05_FE_uj,05_FE_uj_095.jpg,5,Fear,2
05_FE_uj,05_FE_uj_096.jpg,5,Fear,2
05_FE_uj,05_FE_uj_097.jpg,5,Fear,2
05_FE_uj,05_FE_uj_098.jpg,5,Fear,2
05_FE_uj,05_FE_uj_099.jpg,5,Fear,2
05_FE_uj,05_FE_uj_100.jpg,5,Fear,2
05_HA_uj,05_HA_uj_071.jpg,5,Happiness,3
05_HA_uj,05_HA_uj_072.jpg,5,Happiness,3
05_HA_uj,05_HA_uj_073.jpg,5,Happiness,3
05_HA_uj,05_HA_uj_074.jpg,5,Happiness,3
05_HA_uj,05_HA_uj_075.jpg,5,Happiness,3
05_HA_uj,05_HA_uj_076.jpg,5,Happiness,3
05_HA_uj,05_HA_uj_077.jpg,5,Happiness,3
05_HA_uj,05_HA_uj_078.jpg,5,Happiness,3
05_HA_uj,05_HA_uj_079.jpg,5,Happiness,3
05_HA_uj,05_HA_uj_080.jpg,5,Happiness,3
05_HA_uj,05_HA_uj_087.jpg,5,Happiness,3
05_HA_uj,05_HA_uj_090.jpg,5,Happiness,3
05_SA_uj,05_SA_uj_051.jpg,5,Sadness,4
05_SA_uj,05_SA_uj_052.jpg,5,Sadness,4
05_SA_uj,05_SA_uj_053.jpg,5,Sadness,4
05_SA_uj,05_SA_uj_054.jpg,5,Sadness,4
05_SA_uj,05_SA_uj_055.jpg,5,Sadness,4
05_SA_uj,05_SA_uj_056.jpg,5,Sadness,4
05_SA_uj,05_SA_uj_057.jpg,5,Sadness,4
05_SA_uj,05_SA_uj_058.jpg,5,Sadness,4
05_SA_uj,05_SA_uj_059.jpg,5,Sadness,4
05_SA_uj,05_SA_uj_060.jpg,5,Sadness,4
05_SA_uj,05_SA_uj_061.jpg,5,Sadness,4
05_SA_uj,05_SA_uj_062.jpg,5,Sadness,4
05_SA_uj,05_SA_uj_063.jpg,5,Sadness,4
05_SA_uj,05_SA_uj_064.jpg,5,Sadness,4
05_SA_uj,05_SA_uj_065.jpg,5,Sadness,4
05_SA_uj,05_SA_uj_066.jpg,5,Sadness,4
05_SA_uj,05_SA_uj_067.jpg,5,Sadness,4
05_SA_uj,05_SA_uj_068.jpg,5,Sadness,4
05_SA_uj,05_SA_uj_069.jpg,5,Sadness,4
05_SA_uj,05_SA_uj_070.jpg,5,Sadness,4
05_SU_uj,05_SU_uj_061.jpg,5,Surprise,5
05_SU_uj,05_SU_uj_062.jpg,5,Surprise,5
05_SU_uj,05_SU_uj_063.jpg,5,Surprise,5
05_SU_uj,05_SU_uj_064.jpg,5,Surprise,5
05_SU_uj,05_SU_uj_065.jpg,5,Surprise,5
05_SU_uj,05_SU_uj_066.jpg,5,Surprise,5
05_SU_uj,05_SU_uj_067.jpg,5,Surprise,5
05_SU_uj,05_SU_uj_068.jpg,5,Surprise,5
05_SU_uj,05_SU_uj_069.jpg,5,Surprise,5
05_SU_uj,05_SU_uj_070.jpg,5,Surprise,5
05_SU_uj,05_SU_uj_075.jpg,5,Surprise,5
05_SU_uj,05_SU_uj_076.jpg,5,Surprise,5
05_SU_uj,05_SU_uj_077.jpg,5,Surprise,5
05_SU_uj,05_SU_uj_078.jpg,5,Surprise,5
06_AN_dy,06_AN_dy_061.jpg,6,Anger,0
06_AN_dy,06_AN_dy_062.jpg,6,Anger,0
06_AN_dy,06_AN_dy_063.jpg,6,Anger,0
06_AN_dy,06_AN_dy_064.jpg,6,Anger,0
06_AN_dy,06_AN_dy_065.jpg,6,Anger,0
06_AN_dy,06_AN_dy_066.jpg,6,Anger,0
06_AN_dy,06_AN_dy_067.jpg,6,Anger,0
06_AN_dy,06_AN_dy_068.jpg,6,Anger,0
06_AN_dy,06_AN_dy_069.jpg,6,Anger,0
06_AN_dy,06_AN_dy_070.jpg,6,Anger,0
06_AN_dy,06_AN_dy_071.jpg,6,Anger,0
06_AN_dy,06_AN_dy_072.jpg,6,Anger,0
06_AN_dy,06_AN_dy_073.jpg,6,Anger,0
06_AN_dy,06_AN_dy_074.jpg,6,Anger,0
06_AN_dy,06_AN_dy_075.jpg,6,Anger,0
06_AN_dy,06_AN_dy_076.jpg,6,Anger,0
06_AN_dy,06_AN_dy_077.jpg,6,Anger,0
06_AN_dy,06_AN_dy_078.jpg,6,Anger,0
06_AN_dy,06_AN_dy_079.jpg,6,Anger,0
06_AN_dy,06_AN_dy_080.jpg,6,Anger,0
06_DI_dy,06_DI_dy_051.jpg,6,Disgust,1
06_DI_dy,06_DI_dy_052.jpg,6,Disgust,1
06_DI_dy,06_DI_dy_053.jpg,6,Disgust,1
06_DI_dy,06_DI_dy_054.jpg,6,Disgust,1
06_DI_dy,06_DI_dy_055.jpg,6,Disgust,1
06_DI_dy,06_DI_dy_056.jpg,6,Disgust,1
06_DI_dy,06_DI_dy_057.jpg,6,Disgust,1
06_DI_dy,06_DI_dy_058.jpg,6,Disgust,1
06_DI_dy,06_DI_dy_059.jpg,6,Disgust,1
06_DI_dy,06_DI_dy_060.jpg,6,Disgust,1
06_DI_dy,06_DI_dy_061.jpg,6,Disgust,1
06_DI_dy,06_DI_dy_062.jpg,6,Disgust,1
06_DI_dy,06_DI_dy_063.jpg,6,Disgust,1
06_DI_dy,06_DI_dy_064.jpg,6,Disgust,1
06_DI_dy,06_DI_dy_065.jpg,6,Disgust,1
06_DI_dy,06_DI_dy_066.jpg,6,Disgust,1
06_DI_dy,06_DI_dy_067.jpg,6,Disgust,1
06_DI_dy,06_DI_dy_068.jpg,6,Disgust,1
06_DI_dy,06_DI_dy_069.jpg,6,Disgust,1
06_DI_dy,06_DI_dy_070.jpg,6,Disgust,1
06_FE_dy,06_FE_dy_101.jpg,6,Fear,2
06_FE_dy,06_FE_dy_102.jpg,6,Fear,2
06_FE_dy,06_FE_dy_103.jpg,6,Fear,2
06_FE_dy,06_FE_dy_104.jpg,6,Fear,2
06_FE_dy,06_FE_dy_105.jpg,6,Fear,2
06_FE_dy,06_FE_dy_106.jpg,6,Fear,2
06_FE_dy,06_FE_dy_107.jpg,6,Fear,2
06_FE_dy,06_FE_dy_108.jpg,6,Fear,2
06_FE_dy,06_FE_dy_109.jpg,6,Fear,2
06_FE_dy,06_FE_dy_110.jpg,6,Fear,2
06_FE_dy,06_FE_dy_111.jpg,6,Fear,2
06_FE_dy,06_FE_dy_112.jpg,6,Fear,2
06_FE_dy,06_FE_dy_113.jpg,6,Fear,2
06_FE_dy,06_FE_dy_114.jpg,6,Fear,2
06_FE_dy,06_FE_dy_115.jpg,6,Fear,2
06_FE_dy,06_FE_dy_116.jpg,6,Fear,2
06_FE_dy,06_FE_dy_117.jpg,6,Fear,2
06_FE_dy,06_FE_dy_118.jpg,6,Fear,2
06_FE_dy,06_FE_dy_119.jpg,6,Fear,2
06_FE_dy,06_FE_dy_120.jpg,6,Fear,2
06_HA_dy,06_HA_dy_091.jpg,6,Happiness,3
06_HA_dy,06_HA_dy_092.jpg,6,Happiness,3
06_HA_dy,06_HA_dy_093.jpg,6,Happiness,3
06_HA_dy,06_HA_dy_094.jpg,6,Happiness,3
06_HA_dy,06_HA_dy_095.jpg,6,Happiness,3
06_HA_dy,06_HA_dy_096.jpg,6,Happiness,3
06_HA_dy,06_HA_dy_097.jpg,6,Happiness,3
06_HA_dy,06_HA_dy_098.jpg,6,Happiness,3
06_HA_dy,06_HA_dy_099.jpg,6,Happiness,3
06_HA_dy,06_HA_dy_100.jpg,6,Happiness,3
06_HA_dy,06_HA_dy_101.jpg,6,Happiness,3
06_HA_dy,06_HA_dy_102.jpg,6,Happiness,3
06_HA_dy,06_HA_dy_103.jpg,6,Happiness,3
06_HA_dy,06_HA_dy_104.jpg,6,Happiness,3
06_HA_dy,06_HA_dy_105.jpg,6,Happiness,3
06_HA_dy,06_HA_dy_106.jpg,6,Happiness,3
06_HA_dy,06_HA_dy_107.jpg,6,Happiness,3
06_HA_dy,06_HA_dy_108.jpg,6,Happiness,3
06_HA_dy,06_HA_dy_109.jpg,6,Happiness,3
06_HA_dy,06_HA_dy_110.jpg,6,Happiness,3
06_SA_dy,06_SA_dy_071.jpg,6,Sadness,4
06_SA_dy,06_SA_dy_072.jpg,6,Sadness,4
06_SA_dy,06_SA_dy_073.jpg,6,Sadness,4
06_SA_dy,06_SA_dy_074.jpg,6,Sadness,4
06_SA_dy,06_SA_dy_075.jpg,6,Sadness,4
06_SA_dy,06_SA_dy_076.jpg,6,Sadness,4
06_SA_dy,06_SA_dy_077.jpg,6,Sadness,4
06_SA_dy,06_SA_dy_078.jpg,6,Sadness,4
06_SA_dy,06_SA_dy_079.jpg,6,Sadness,4
06_SA_dy,06_SA_dy_080.jpg,6,Sadness,4
06_SA_dy,06_SA_dy_081.jpg,6,Sadness,4
06_SA_dy,06_SA_dy_082.jpg,6,Sadness,4
06_SA_dy,06_SA_dy_083.jpg,6,Sadness,4
06_SA_dy,06_SA_dy_084.jpg,6,Sadness,4
06_SA_dy,06_SA_dy_085.jpg,6,Sadness,4
06_SA_dy,06_SA_dy_086.jpg,6,Sadness,4
06_SA_dy,06_SA_dy_087.jpg,6,Sadness,4
06_SA_dy,06_SA_dy_088.jpg,6,Sadness,4
06_SA_dy,06_SA_dy_089.jpg,6,Sadness,4
06_SA_dy,06_SA_dy_090.jpg,6,Sadness,4
06_SU_dy,06_SU_dy_081.jpg,6,Surprise,5
06_SU_dy,06_SU_dy_082.jpg,6,Surprise,5
06_SU_dy,06_SU_dy_083.jpg,6,Surprise,5
06_SU_dy,06_SU_dy_084.jpg,6,Surprise,5
06_SU_dy,06_SU_dy_085.jpg,6,Surprise,5
06_SU_dy,06_SU_dy_088.jpg,6,Surprise,5
06_SU_dy,06_SU_dy_091.jpg,6,Surprise,5
06_SU_dy,06_SU_dy_092.jpg,6,Surprise,5
06_SU_dy,06_SU_dy_093.jpg,6,Surprise,5
06_SU_dy,06_SU_dy_094.jpg,6,Surprise,5
06_SU_dy,06_SU_dy_095.jpg,6,Surprise,5
06_SU_dy,06_SU_dy_096.jpg,6,Surprise,5
06_SU_dy,06_SU_dy_097.jpg,6,Surprise,5
06_SU_dy,06_SU_dy_098.jpg,6,Surprise,5
06_SU_dy,06_SU_dy_099.jpg,6,Surprise,5
06_SU_dy,06_SU_dy_100.jpg,6,Surprise,5
07_AN_sw,07_AN_sw_081.jpg,7,Anger,0
07_AN_sw,07_AN_sw_082.jpg,7,Anger,0
07_AN_sw,07_AN_sw_083.jpg,7,Anger,0
07_AN_sw,07_AN_sw_084.jpg,7,Anger,0
07_AN_sw,07_AN_sw_085.jpg,7,Anger,0
07_AN_sw,07_AN_sw_086.jpg,7,Anger,0
07_AN_sw,07_AN_sw_087.jpg,7,Anger,0
07_AN_sw,07_AN_sw_088.jpg,7,Anger,0
07_AN_sw,07_AN_sw_089.jpg,7,Anger,0
07_AN_sw,07_AN_sw_090.jpg,7,Anger,0
07_AN_sw,07_AN_sw_091.jpg,7,Anger,0
07_AN_sw,07_AN_sw_092.jpg,7,Anger,0
07_AN_sw,07_AN_sw_093.jpg,7,Anger,0
07_AN_sw,07_AN_sw_094.jpg,7,Anger,0
07_AN_sw,07_AN_sw_095.jpg,7,Anger,0
07_AN_sw,07_AN_sw_096.jpg,7,Anger,0
07_AN_sw,07_AN_sw_097.jpg,7,Anger,0
07_AN_sw,07_AN_sw_098.jpg,7,Anger,0
07_AN_sw,07_AN_sw_099.jpg,7,Anger,0
07_AN_sw,07_AN_sw_100.jpg,7,Anger,0
07_FE_sw,07_FE_sw_121.jpg,7,Fear,2
07_FE_sw,07_FE_sw_122.jpg,7,Fear,2
07_FE_sw,07_FE_sw_123.jpg,7,Fear,2
07_FE_sw,07_FE_sw_124.jpg,7,Fear,2
07_FE_sw,07_FE_sw_125.jpg,7,Fear,2
07_FE_sw,07_FE_sw_126.jpg,7,Fear,2
07_FE_sw,07_FE_sw_127.jpg,7,Fear,2
07_FE_sw,07_FE_sw_128.jpg,7,Fear,2
07_FE_sw,07_FE_sw_129.jpg,7,Fear,2
07_FE_sw,07_FE_sw_130.jpg,7,Fear,2
07_FE_sw,07_FE_sw_131.jpg,7,Fear,2
07_FE_sw,07_FE_sw_132.jpg,7,Fear,2
07_FE_sw,07_FE_sw_133.jpg,7,Fear,2
07_FE_sw,07_FE_sw_134.jpg,7,Fear,2
07_FE_sw,07_FE_sw_135.jpg,7,Fear,2
07_FE_sw,07_FE_sw_136.jpg,7,Fear,2
07_FE_sw,07_FE_sw_137.jpg,7,Fear,2
07_FE_sw,07_FE_sw_138.jpg,7,Fear,2
07_FE_sw,07_FE_sw_139.jpg,7,Fear,2
07_FE_sw,07_FE_sw_140.jpg,7,Fear,2
07_HA_sw,07_HA_sw_111.jpg,7,Happiness,3
07_HA_sw,07_HA_sw_112.jpg,7,Happiness,3
07_HA_sw,07_HA_sw_113.jpg,7,Happiness,3
07_HA_sw,07_HA_sw_114.jpg,7,Happiness,3
07_HA_sw,07_HA_sw_115.jpg,7,Happiness,3
07_HA_sw,07_HA_sw_116.jpg,7,Happiness,3
07_HA_sw,07_HA_sw_117.jpg,7,Happiness,3
07_HA_sw,07_HA_sw_118.jpg,7,Happiness,3
07_HA_sw,07_HA_sw_119.jpg,7,Happiness,3
07_HA_sw,07_HA_sw_120.jpg,7,Happiness,3
07_HA_sw,07_HA_sw_121.jpg,7,Happiness,3
07_HA_sw,07_HA_sw_122.jpg,7,Happiness,3
07_HA_sw,07_HA_sw_123.jpg,7,Happiness,3
07_HA_sw,07_HA_sw_124.jpg,7,Happiness,3
07_HA_sw,07_HA_sw_125.jpg,7,Happiness,3
07_HA_sw,07_HA_sw_126.jpg,7,Happiness,3
07_HA_sw,07_HA_sw_127.jpg,7,Happiness,3
07_HA_sw,07_HA_sw_128.jpg,7,Happiness,3
07_HA_sw,07_HA_sw_129.jpg,7,Happiness,3
07_HA_sw,07_HA_sw_130.jpg,7,Happiness,3
07_SA_sw,07_SA_sw_071.jpg,7,Sadness,4
07_SA_sw,07_SA_sw_072.jpg,7,Sadness,4
07_SA_sw,07_SA_sw_073.jpg,7,Sadness,4
07_SA_sw,07_SA_sw_074.jpg,7,Sadness,4
07_SA_sw,07_SA_sw_075.jpg,7,Sadness,4
07_SA_sw,07_SA_sw_076.jpg,7,Sadness,4
07_SA_sw,07_SA_sw_077.jpg,7,Sadness,4
07_SA_sw,07_SA_sw_078.jpg,7,Sadness,4
07_SA_sw,07_SA_sw_079.jpg,7,Sadness,4
07_SA_sw,07_SA_sw_080.jpg,7,Sadness,4
07_SA_sw,07_SA_sw_081.jpg,7,Sadness,4
07_SA_sw,07_SA_sw_082.jpg,7,Sadness,4
07_SA_sw,07_SA_sw_083.jpg,7,Sadness,4
07_SA_sw,07_SA_sw_084.jpg,7,Sadness,4
07_SA_sw,07_SA_sw_085.jpg,7,Sadness,4
07_SA_sw,07_SA_sw_086.jpg,7,Sadness,4
07_SA_sw,07_SA_sw_087.jpg,7,Sadness,4
07_SA_sw,07_SA_sw_088.jpg,7,Sadness,4
07_SA_sw,07_SA_sw_089.jpg,7,Sadness,4
07_SA_sw,07_SA_sw_090.jpg,7,Sadness,4
07_SU_sw,07_SU_sw_081.jpg,7,Surprise,5
07_SU_sw,07_SU_sw_082.jpg,7,Surprise,5
07_SU_sw,07_SU_sw_083.jpg,7,Surprise,5
07_SU_sw,07_SU_sw_084.jpg,7,Surprise,5
07_SU_sw,07_SU_sw_085.jpg,7,Surprise,5
07_SU_sw,07_SU_sw_086.jpg,7,Surprise,5
07_SU_sw,07_SU_sw_087.jpg,7,Surprise,5
07_SU_sw,07_SU_sw_088.jpg,7,Surprise,5
07_SU_sw,07_SU_sw_089.jpg,7,Surprise,5
07_SU_sw,07_SU_sw_090.jpg,7,Surprise,5
07_SU_sw,07_SU_sw_091.jpg,7,Surprise,5
07_SU_sw,07_SU_sw_092.jpg,7,Surprise,5
07_SU_sw,07_SU_sw_093.jpg,7,Surprise,5
07_SU_sw,07_SU_sw_094.jpg,7,Surprise,5
07_SU_sw,07_SU_sw_095.jpg,7,Surprise,5
07_SU_sw,07_SU_sw_096.jpg,7,Surprise,5
07_SU_sw,07_SU_sw_097.jpg,7,Surprise,5
07_SU_sw,07_SU_sw_098.jpg,7,Surprise,5
07_SU_sw,07_SU_sw_099.jpg,7,Surprise,5
07_SU_sw,07_SU_sw_100.jpg,7,Surprise,5
09_AN_sj,09_AN_sj_121.jpg,9,Anger,0
09_AN_sj,09_AN_sj_122.jpg,9,Anger,0
09_AN_sj,09_AN_sj_123.jpg,9,Anger,0
09_AN_sj,09_AN_sj_124.jpg,9,Anger,0
09_AN_sj,09_AN_sj_125.jpg,9,Anger,0
09_AN_sj,09_AN_sj_126.jpg,9,Anger,0
09_AN_sj,09_AN_sj_127.jpg,9,Anger,0
09_AN_sj,09_AN_sj_128.jpg,9,Anger,0
09_AN_sj,09_AN_sj_129.jpg,9,Anger,0
09_AN_sj,09_AN_sj_130.jpg,9,Anger,0
09_AN_sj,09_AN_sj_131.jpg,9,Anger,0
09_AN_sj,09_AN_sj_132.jpg,9,Anger,0
09_AN_sj,09_AN_sj_133.jpg,9,Anger,0
09_AN_sj,09_AN_sj_134.jpg,9,Anger,0
09_AN_sj,09_AN_sj_135.jpg,9,Anger,0
09_AN_sj,09_AN_sj_136.jpg,9,Anger,0
09_AN_sj,09_AN_sj_137.jpg,9,Anger,0
09_AN_sj,09_AN_sj_138.jpg,9,Anger,0
09_AN_sj,09_AN_sj_139.jpg,9,Anger,0
09_AN_sj,09_AN_sj_140.jpg,9,Anger,0
09_FE_sj,09_FE_sj_151.jpg,9,Fear,2
09_FE_sj,09_FE_sj_152.jpg,9,Fear,2
09_FE_sj,09_FE_sj_153.jpg,9,Fear,2
09_FE_sj,09_FE_sj_154.jpg,9,Fear,2
09_FE_sj,09_FE_sj_155.jpg,9,Fear,2
09_FE_sj,09_FE_sj_156.jpg,9,Fear,2
09_FE_sj,09_FE_sj_157.jpg,9,Fear,2
09_FE_sj,09_FE_sj_158.jpg,9,Fear,2
09_FE_sj,09_FE_sj_159.jpg,9,Fear,2
09_FE_sj,09_FE_sj_160.jpg,9,Fear,2
09_HA_sj,09_HA_sj_151.jpg,9,Happiness,3
09_HA_sj,09_HA_sj_152.jpg,9,Happiness,3
09_HA_sj,09_HA_sj_153.jpg,9,Happiness,3
09_HA_sj,09_HA_sj_154.jpg,9,Happiness,3
09_HA_sj,09_HA_sj_155.jpg,9,Happiness,3
09_HA_sj,09_HA_sj_156.jpg,9,Happiness,3
09_HA_sj,09_HA_sj_157.jpg,9,Happiness,3
09_HA_sj,09_HA_sj_158.jpg,9,Happiness,3
09_HA_sj,09_HA_sj_159.jpg,9,Happiness,3
09_HA_sj,09_HA_sj_160.jpg,9,Happiness,3
09_HA_sj,09_HA_sj_161.jpg,9,Happiness,3
09_HA_sj,09_HA_sj_162.jpg,9,Happiness,3
09_HA_sj,09_HA_sj_163.jpg,9,Happiness,3
09_HA_sj,09_HA_sj_164.jpg,9,Happiness,3
09_HA_sj,09_HA_sj_165.jpg,9,Happiness,3
09_HA_sj,09_HA_sj_166.jpg,9,Happiness,3
09_HA_sj,09_HA_sj_167.jpg,9,Happiness,3
09_HA_sj,09_HA_sj_168.jpg,9,Happiness,3
09_HA_sj,09_HA_sj_169.jpg,9,Happiness,3
09_HA_sj,09_HA_sj_170.jpg,9,Happiness,3
09_SA_sj,09_SA_sj_110.jpg,9,Sadness,4
09_SA_sj,09_SA_sj_111.jpg,9,Sadness,4
09_SA_sj,09_SA_sj_112.jpg,9,Sadness,4
09_SA_sj,09_SA_sj_113.jpg,9,Sadness,4
09_SA_sj,09_SA_sj_114.jpg,9,Sadness,4
09_SA_sj,09_SA_sj_115.jpg,9,Sadness,4
09_SA_sj,09_SA_sj_116.jpg,9,Sadness,4
09_SA_sj,09_SA_sj_117.jpg,9,Sadness,4
09_SA_sj,09_SA_sj_118.jpg,9,Sadness,4
09_SA_sj,09_SA_sj_119.jpg,9,Sadness,4
09_SU_sj,09_SU_sj_101.jpg,9,Surprise,5
09_SU_sj,09_SU_sj_102.jpg,9,Surprise,5
09_SU_sj,09_SU_sj_103.jpg,9,Surprise,5
09_SU_sj,09_SU_sj_104.jpg,9,Surprise,5
09_SU_sj,09_SU_sj_105.jpg,9,Surprise,5
09_SU_sj,09_SU_sj_106.jpg,9,Surprise,5
09_SU_sj,09_SU_sj_107.jpg,9,Surprise,5
09_SU_sj,09_SU_sj_108.jpg,9,Surprise,5
09_SU_sj,09_SU_sj_109.jpg,9,Surprise,5
09_SU_sj,09_SU_sj_110.jpg,9,Surprise,5
10_AN_ko,10_AN_ko_141.jpg,10,Anger,0
10_AN_ko,10_AN_ko_142.jpg,10,Anger,0
10_AN_ko,10_AN_ko_143.jpg,10,Anger,0
10_AN_ko,10_AN_ko_144.jpg,10,Anger,0
10_AN_ko,10_AN_ko_145.jpg,10,Anger,0
10_AN_ko,10_AN_ko_146.jpg,10,Anger,0
10_AN_ko,10_AN_ko_147.jpg,10,Anger,0
10_AN_ko,10_AN_ko_148.jpg,10,Anger,0
10_AN_ko,10_AN_ko_149.jpg,10,Anger,0
10_AN_ko,10_AN_ko_150.jpg,10,Anger,0
10_DI_ko,10_DI_ko_091.jpg,10,Disgust,1
10_DI_ko,10_DI_ko_092.jpg,10,Disgust,1
10_DI_ko,10_DI_ko_093.jpg,10,Disgust,1
10_DI_ko,10_DI_ko_094.jpg,10,Disgust,1
10_DI_ko,10_DI_ko_095.jpg,10,Disgust,1
10_DI_ko,10_DI_ko_096.jpg,10,Disgust,1
10_DI_ko,10_DI_ko_097.jpg,10,Disgust,1
10_DI_ko,10_DI_ko_098.jpg,10,Disgust,1
10_DI_ko,10_DI_ko_099.jpg,10,Disgust,1
10_DI_ko,10_DI_ko_100.jpg,10,Disgust,1
10_FE_ko,10_FE_ko_161.jpg,10,Fear,2
10_FE_ko,10_FE_ko_162.jpg,10,Fear,2
10_FE_ko,10_FE_ko_163.jpg,10,Fear,2
10_FE_ko,10_FE_ko_164.jpg,10,Fear,2
10_FE_ko,10_FE_ko_165.jpg,10,Fear,2
10_FE_ko,10_FE_ko_170.jpg,10,Fear,2
10_FE_ko,10_FE_ko_171.jpg,10,Fear,2
10_FE_ko,10_FE_ko_172.jpg,10,Fear,2
10_FE_ko,10_FE_ko_173.jpg,10,Fear,2
10_FE_ko,10_FE_ko_174.jpg,10,Fear,2
10_FE_ko,10_FE_ko_175.jpg,10,Fear,2
10_FE_ko,10_FE_ko_176.jpg,10,Fear,2
10_FE_ko,10_FE_ko_177.jpg,10,Fear,2
10_FE_ko,10_FE_ko_178.jpg,10,Fear,2
10_FE_ko,10_FE_ko_179.jpg,10,Fear,2
10_FE_ko,10_FE_ko_180.jpg,10,Fear,2
10_HA_ko,10_HA_ko_171.jpg,10,Happiness,3
10_HA_ko,10_HA_ko_172.jpg,10,Happiness,3
10_HA_ko,10_HA_ko_173.jpg,10,Happiness,3
10_HA_ko,10_HA_ko_174.jpg,10,Happiness,3
10_HA_ko,10_HA_ko_175.jpg,10,Happiness,3
10_HA_ko,10_HA_ko_176.jpg,10,Happiness,3
10_HA_ko,10_HA_ko_177.jpg,10,Happiness,3
10_HA_ko,10_HA_ko_178.jpg,10,Happiness,3
10_HA_ko,10_HA_ko_179.jpg,10,Happiness,3
10_HA_ko,10_HA_ko_180.jpg,10,Happiness,3
10_HA_ko,10_HA_ko_181.jpg,10,Happiness,3
10_HA_ko,10_HA_ko_182.jpg,10,Happiness,3
10_HA_ko,10_HA_ko_184.jpg,10,Happiness,3
10_HA_ko,10_HA_ko_185.jpg,10,Happiness,3
10_HA_ko,10_HA_ko_186.jpg,10,Happiness,3
10_HA_ko,10_HA_ko_187.jpg,10,Happiness,3
10_HA_ko,10_HA_ko_188.jpg,10,Happiness,3
10_HA_ko,10_HA_ko_189.jpg,10,Happiness,3
10_HA_ko,10_HA_ko_190.jpg,10,Happiness,3
10_SU_ko,10_SU_ko_111.jpg,10,Surprise,5
10_SU_ko,10_SU_ko_112.jpg,10,Surprise,5
10_SU_ko,10_SU_ko_113.jpg,10,Surprise,5
10_SU_ko,10_SU_ko_114.jpg,10,Surprise,5
10_SU_ko,10_SU_ko_115.jpg,10,Surprise,5
10_SU_ko,10_SU_ko_116.jpg,10,Surprise,5
10_SU_ko,10_SU_ko_117.jpg,10,Surprise,5
10_SU_ko,10_SU_ko_118.jpg,10,Surprise,5
10_SU_ko,10_SU_ko_119.jpg,10,Surprise,5
10_SU_ko,10_SU_ko_120.jpg,10,Surprise,5
10_SU_ko,10_SU_ko_121.jpg,10,Surprise,5
10_SU_ko,10_SU_ko_122.jpg,10,Surprise,5
10_SU_ko,10_SU_ko_123.jpg,10,Surprise,5
10_SU_ko,10_SU_ko_124.jpg,10,Surprise,5
10_SU_ko,10_SU_ko_126.jpg,10,Surprise,5
10_SU_ko,10_SU_ko_127.jpg,10,Surprise,5
12_AN_gu,12_AN_gu_171.jpg,12,Anger,0
12_AN_gu,12_AN_gu_172.jpg,12,Anger,0
12_AN_gu,12_AN_gu_173.jpg,12,Anger,0
12_AN_gu,12_AN_gu_174.jpg,12,Anger,0
12_AN_gu,12_AN_gu_175.jpg,12,Anger,0
12_AN_gu,12_AN_gu_176.jpg,12,Anger,0
12_AN_gu,12_AN_gu_177.jpg,12,Anger,0
12_AN_gu,12_AN_gu_178.jpg,12,Anger,0
12_AN_gu,12_AN_gu_179.jpg,12,Anger,0
12_AN_gu,12_AN_gu_180.jpg,12,Anger,0
12_AN_gu,12_AN_gu_181.jpg,12,Anger,0
12_AN_gu,12_AN_gu_182.jpg,12,Anger,0
12_AN_gu,12_AN_gu_183.jpg,12,Anger,0
12_AN_gu,12_AN_gu_184.jpg,12,Anger,0
12_AN_gu,12_AN_gu_185.jpg,12,Anger,0
12_AN_gu,12_AN_gu_186.jpg,12,Anger,0
12_AN_gu,12_AN_gu_187.jpg,12,Anger,0
12_AN_gu,12_AN_gu_188.jpg,12,Anger,0
12_AN_gu,12_AN_gu_189.jpg,12,Anger,0
12_AN_gu,12_AN_gu_190.jpg,12,Anger,0
12_DI_gu,12_DI_gu_121.jpg,12,Disgust,1
12_DI_gu,12_DI_gu_122.jpg,12,Disgust,1
12_DI_gu,12_DI_gu_123.jpg,12,Disgust,1
12_DI_gu,12_DI_gu_124.jpg,12,Disgust,1
12_DI_gu,12_DI_gu_125.jpg,12,Disgust,1
12_DI_gu,12_DI_gu_126.jpg,12,Disgust,1
12_DI_gu,12_DI_gu_127.jpg,12,Disgust,1
12_DI_gu,12_DI_gu_128.jpg,12,Disgust,1
12_DI_gu,12_DI_gu_129.jpg,12,Disgust,1
12_DI_gu,12_DI_gu_130.jpg,12,Disgust,1
12_HA_gu,12_HA_gu_171.jpg,12,Happiness,3
12_HA_gu,12_HA_gu_172.jpg,12,Happiness,3
12_HA_gu,12_HA_gu_173.jpg,12,Happiness,3
12_HA_gu,12_HA_gu_174.jpg,12,Happiness,3
12_HA_gu,12_HA_gu_175.jpg,12,Happiness,3
12_HA_gu,12_HA_gu_176.jpg,12,Happiness,3
12_HA_gu,12_HA_gu_178.jpg,12,Happiness,3
12_HA_gu,12_HA_gu_179.jpg,12,Happiness,3
12_HA_gu,12_HA_gu_180.jpg,12,Happiness,3
12_HA_gu,12_HA_gu_181.jpg,12,Happiness,3
12_HA_gu,12_HA_gu_182.jpg,12,Happiness,3
12_HA_gu,12_HA_gu_183.jpg,12,Happiness,3
12_HA_gu,12_HA_gu_184.jpg,12,Happiness,3
12_HA_gu,12_HA_gu_185.jpg,12,Happiness,3
12_HA_gu,12_HA_gu_186.jpg,12,Happiness,3
12_HA_gu,12_HA_gu_187.jpg,12,Happiness,3
12_HA_gu,12_HA_gu_188.jpg,12,Happiness,3
12_HA_gu,12_HA_gu_189.jpg,12,Happiness,3
12_HA_gu,12_HA_gu_190.jpg,12,Happiness,3
12_SA_gu,12_SA_gu_151.jpg,12,Sadness,4
12_SA_gu,12_SA_gu_152.jpg,12,Sadness,4
12_SA_gu,12_SA_gu_153.jpg,12,Sadness,4
12_SA_gu,12_SA_gu_154.jpg,12,Sadness,4
12_SA_gu,12_SA_gu_155.jpg,12,Sadness,4
12_SA_gu,12_SA_gu_156.jpg,12,Sadness,4
12_SA_gu,12_SA_gu_157.jpg,12,Sadness,4
12_SA_gu,12_SA_gu_158.jpg,12,Sadness,4
12_SA_gu,12_SA_gu_159.jpg,12,Sadness,4
12_SA_gu,12_SA_gu_160.jpg,12,Sadness,4
12_SA_gu,12_SA_gu_161.jpg,12,Sadness,4
12_SA_gu,12_SA_gu_162.jpg,12,Sadness,4
12_SA_gu,12_SA_gu_163.jpg,12,Sadness,4
12_SA_gu,12_SA_gu_164.jpg,12,Sadness,4
12_SA_gu,12_SA_gu_165.jpg,12,Sadness,4
12_SA_gu,12_SA_gu_166.jpg,12,Sadness,4
12_SA_gu,12_SA_gu_167.jpg,12,Sadness,4
12_SA_gu,12_SA_gu_168.jpg,12,Sadness,4
12_SA_gu,12_SA_gu_169.jpg,12,Sadness,4
12_SA_gu,12_SA_gu_170.jpg,12,Sadness,4
